Timestamp,Email Address,Name,State,License Type,Availability
,dakota.wilson@sample.org,Dakota Wilson,VA,Social Worker,"Monday 10:30 AM, Tuesday 11:00 AM, Tuesday 12:00 PM, Wednesday 12:30 PM, Wednesday 3:00 PM, Thursday 11:00 AM, Friday 1:00 PM"
,alex.davis@example.com,Alex Davis,ME,Counselor,"Monday 5:00 PM, Tuesday 12:30 PM, Tuesday 4:30 PM, Tuesday 5:30 PM, Tuesday 6:00 PM, Thursday 1:00 PM, Thursday 2:30 PM, Friday 8:00 AM, Friday 9:00 AM, Friday 12:30 PM, Friday 3:00 PM, Friday 6:00 PM"
,logan.cooper@mail.net,Logan Cooper,MD,Marriage and Family Therapist,"Tuesday 8:30 AM, Thursday 12:00 PM, Thursday 2:00 PM, Thursday 4:30 PM, Friday 9:00 AM, Friday 1:00 PM"
,harper.brooks@sample.org,Harper Brooks,AR,Marriage and Family Therapist,"Monday 5:30 PM, Tuesday 9:00 AM, Tuesday 4:30 PM, Tuesday 5:30 PM, Wednesday 11:00 AM, Wednesday 1:00 PM, Wednesday 1:30 PM, Thursday 10:00 AM, Friday 8:30 AM, Friday 10:30 AM, Friday 4:00 PM"
,sam.martinez@mail.net,Sam Martinez,IA,Marriage and Family Therapist,"Monday 11:30 AM, Monday 4:30 PM, Monday 5:00 PM, Tuesday 1:00 PM, Wednesday 11:30 AM, Wednesday 1:00 PM, Wednesday 1:30 PM, Wednesday 4:30 PM, Thursday 10:00 AM, Thursday 12:00 PM, Friday 11:00 AM, Friday 5:30 PM"
,rowan.garcia@sample.org,Rowan Garcia,TN,Social Worker,"Monday 11:00 AM, Monday 1:30 PM, Tuesday 9:30 AM, Tuesday 2:30 PM, Wednesday 10:30 AM, Wednesday 11:00 AM, Thursday 10:30 AM, Friday 9:00 AM, Friday 12:00 PM"
,avery.hernandez@mail.net,Avery Hernandez,CA,Counselor,"Monday 8:30 AM, Tuesday 9:30 AM, Tuesday 10:30 AM, Tuesday 11:00 AM, Tuesday 4:30 PM, Wednesday 8:00 AM, Wednesday 5:30 PM, Thursday 12:00 PM, Thursday 2:00 PM, Friday 8:30 AM, Friday 12:00 PM, Friday 2:30 PM"
,taylor.lopez@mail.net,Taylor Lopez,WI,Psychologist,"Tuesday 10:30 AM, Tuesday 12:30 PM, Wednesday 12:00 PM, Thursday 11:30 AM, Thursday 3:00 PM, Friday 10:30 AM, Friday 11:00 AM"
,morgan.patel@sample.org,Morgan Patel,MO,Psychologist,"Monday 2:00 PM, Tuesday 2:00 PM, Tuesday 5:00 PM, Wednesday 9:30 AM, Wednesday 10:00 AM, Wednesday 4:30 PM, Thursday 8:00 AM, Thursday 9:00 AM, Thursday 6:00 PM, Friday 5:00 PM"
,jamie.bennett@mail.net,Jamie Bennett,MA,Counselor,"Monday 9:00 AM, Monday 10:30 AM, Monday 5:00 PM, Tuesday 11:30 AM, Tuesday 5:30 PM, Wednesday 1:00 PM, Thursday 12:30 PM, Friday 1:00 PM"
,logan.jenkins@sample.org,Logan Jenkins,PA,Psychologist,"Monday 5:30 PM, Tuesday 10:00 AM, Tuesday 12:00 PM, Tuesday 1:00 PM, Wednesday 8:00 AM, Wednesday 11:00 AM, Thursday 8:00 AM, Thursday 12:30 PM"
,hayden.lee@mail.net,Hayden Lee,UT,Marriage and Family Therapist,"Tuesday 8:00 AM, Wednesday 4:00 PM, Wednesday 6:00 PM, Thursday 5:30 PM, Friday 12:00 PM, Friday 12:30 PM, Friday 1:00 PM, Friday 2:30 PM"
,casey.ramirez@sample.org,Casey Ramirez,WA,Psychologist,"Monday 10:00 AM, Monday 11:30 AM, Monday 12:30 PM, Thursday 10:00 AM, Thursday 11:00 AM, Thursday 5:30 PM, Friday 6:00 PM"
,peyton.gonzalez@mail.net,Peyton Gonzalez,AL,Psychologist,"Monday 8:30 AM, Monday 12:00 PM, Monday 5:30 PM, Tuesday 11:00 AM, Tuesday 12:00 PM, Thursday 4:30 PM, Friday 11:00 AM"
,skyler.wilson@mail.net,Skyler Wilson,AR,Psychologist,"Monday 8:00 AM, Monday 8:30 AM, Monday 9:00 AM, Tuesday 3:00 PM, Tuesday 3:30 PM, Wednesday 1:00 PM, Wednesday 6:00 PM, Thursday 10:00 AM, Thursday 10:30 AM, Thursday 11:30 AM, Friday 12:00 PM"
,alex.gonzalez@example.com,Alex Gonzalez,VT,Psychologist,"Monday 2:00 PM, Monday 2:30 PM, Monday 5:30 PM, Tuesday 8:30 AM, Tuesday 9:30 AM, Tuesday 12:30 PM, Tuesday 1:30 PM, Tuesday 2:30 PM, Wednesday 9:30 AM, Thursday 10:00 AM, Thursday 4:00 PM, Friday 6:00 PM"
,quinn.cooper@sample.org,Quinn Cooper,MT,Psychologist,"Monday 10:00 AM, Monday 1:00 PM, Monday 1:30 PM, Tuesday 11:30 AM, Tuesday 1:00 PM, Tuesday 4:30 PM, Thursday 6:00 PM, Friday 9:30 AM, Friday 10:30 AM, Friday 2:30 PM"
,quinn.gonzalez@sample.org,Quinn Gonzalez,OK,Psychologist,"Monday 8:30 AM, Monday 1:00 PM, Tuesday 8:00 AM, Thursday 8:00 AM, Thursday 5:00 PM, Friday 10:30 AM"
,logan.gonzalez@sample.org,Logan Gonzalez,MI,Social Worker,"Monday 10:30 AM, Monday 12:30 PM, Tuesday 11:00 AM, Tuesday 12:00 PM, Tuesday 2:30 PM, Tuesday 3:00 PM, Wednesday 5:00 PM, Thursday 12:30 PM, Friday 9:30 AM, Friday 10:00 AM"
,peyton.bennett@mail.net,Peyton Bennett,AZ,Counselor,"Monday 9:00 AM, Monday 12:30 PM, Monday 5:00 PM, Monday 6:00 PM, Tuesday 10:30 AM, Tuesday 4:30 PM, Tuesday 5:30 PM, Wednesday 12:00 PM, Thursday 12:30 PM, Thursday 2:00 PM, Friday 11:30 AM, Friday 2:00 PM"
,logan.patel@example.com,Logan Patel,MO,Marriage and Family Therapist,"Monday 1:00 PM, Monday 4:30 PM, Thursday 8:30 AM, Friday 10:00 AM, Friday 12:00 PM, Friday 1:00 PM, Friday 1:30 PM, Friday 2:00 PM, Friday 4:30 PM"
,morgan.brown@sample.org,Morgan Brown,NV,Counselor,"Monday 9:30 AM, Monday 12:30 PM, Tuesday 2:30 PM, Tuesday 6:00 PM, Wednesday 8:30 AM, Wednesday 12:00 PM, Thursday 2:30 PM, Thursday 3:00 PM, Thursday 3:30 PM, Thursday 5:00 PM, Friday 3:00 PM, Friday 3:30 PM"
,reese.jenkins@sample.org,Reese Jenkins,MN,Psychologist,"Monday 1:00 PM, Tuesday 9:00 AM, Tuesday 4:00 PM, Wednesday 11:00 AM, Thursday 1:30 PM, Thursday 4:00 PM, Friday 8:00 AM, Friday 9:30 AM, Friday 3:00 PM"
,morgan.rivera@example.com,Morgan Rivera,CO,Marriage and Family Therapist,"Monday 5:30 PM, Wednesday 11:00 AM, Wednesday 11:30 AM, Thursday 5:00 PM, Friday 11:30 AM, Friday 1:00 PM, Friday 4:00 PM"
,riley.patel@sample.org,Riley Patel,CO,Social Worker,"Monday 1:30 PM, Monday 2:30 PM, Monday 4:00 PM, Tuesday 9:00 AM, Tuesday 2:30 PM, Wednesday 10:00 AM, Wednesday 3:00 PM, Friday 2:30 PM"
,jordan.wilson@sample.org,Jordan Wilson,OK,Psychologist,"Monday 9:30 AM, Monday 1:30 PM, Wednesday 9:30 AM, Thursday 11:30 AM, Thursday 2:30 PM, Friday 4:00 PM"
,finley.brooks@sample.org,Finley Brooks,AL,Marriage and Family Therapist,"Monday 1:00 PM, Tuesday 8:00 AM, Tuesday 1:00 PM, Wednesday 11:30 AM, Thursday 9:30 AM, Thursday 12:00 PM, Thursday 1:00 PM, Friday 12:00 PM, Friday 3:30 PM"
,casey.nguyen@mail.net,Casey Nguyen,FL,Marriage and Family Therapist,"Monday 12:00 PM, Monday 5:00 PM, Tuesday 8:00 AM, Tuesday 2:30 PM, Tuesday 3:00 PM, Wednesday 1:30 PM, Wednesday 2:30 PM, Thursday 8:00 AM"
,morgan.hernandez@sample.org,Morgan Hernandez,CA,Marriage and Family Therapist,"Tuesday 10:00 AM, Tuesday 1:00 PM, Wednesday 4:00 PM, Thursday 8:00 AM, Thursday 2:30 PM, Thursday 3:30 PM, Thursday 4:30 PM, Friday 12:00 PM"
,sam.lee@example.com,Sam Lee,AL,Psychologist,"Wednesday 8:00 AM, Wednesday 11:00 AM, Wednesday 2:30 PM, Wednesday 3:00 PM, Thursday 4:00 PM, Thursday 6:00 PM, Friday 5:00 PM, Friday 6:00 PM"
,elliot.kim@mail.net,Elliot Kim,MA,Counselor,"Tuesday 8:30 AM, Tuesday 4:00 PM, Tuesday 5:30 PM, Wednesday 12:00 PM, Wednesday 6:00 PM, Thursday 1:00 PM, Thursday 5:00 PM, Friday 10:00 AM, Friday 1:00 PM"
,skyler.reed@example.com,Skyler Reed,LA,Psychologist,"Monday 3:00 PM, Tuesday 9:00 AM, Tuesday 10:00 AM, Thursday 11:00 AM, Thursday 12:30 PM, Thursday 2:00 PM, Friday 9:30 AM, Friday 3:00 PM"
,drew.garcia@mail.net,Drew Garcia,"VA, IN, NH",Marriage and Family Therapist,"Monday 12:00 PM, Monday 4:30 PM, Tuesday 12:30 PM, Tuesday 1:30 PM, Tuesday 4:30 PM, Wednesday 1:00 PM, Thursday 8:00 AM, Thursday 5:00 PM, Friday 9:00 AM, Friday 10:00 AM, Friday 4:30 PM, Friday 6:00 PM"
,skyler.garcia@mail.net,Skyler Garcia,NV,Psychologist,"Wednesday 12:30 PM, Wednesday 3:30 PM, Wednesday 5:30 PM, Thursday 10:30 AM, Thursday 1:30 PM, Thursday 2:30 PM"
,cameron.kim@mail.net,Cameron Kim,VT,Psychologist,"Monday 10:00 AM, Monday 1:00 PM, Monday 2:30 PM, Wednesday 10:00 AM, Thursday 10:30 AM, Thursday 2:30 PM, Thursday 5:00 PM, Friday 10:30 AM, Friday 4:30 PM, Friday 5:30 PM"
,skyler.rivera@example.com,Skyler Rivera,MN,Counselor,"Monday 10:30 AM, Monday 2:30 PM, Wednesday 8:00 AM, Wednesday 12:30 PM, Wednesday 2:30 PM, Thursday 12:30 PM, Thursday 3:30 PM, Thursday 5:30 PM, Friday 9:00 AM, Friday 2:00 PM, Friday 4:30 PM"
,reese.garcia@example.com,Reese Garcia,IA,Counselor,"Monday 5:30 PM, Wednesday 10:30 AM, Wednesday 12:00 PM, Wednesday 4:30 PM, Thursday 8:30 AM, Thursday 2:00 PM, Friday 9:00 AM, Friday 10:00 AM, Friday 3:00 PM"
,riley.gonzalez@sample.org,Riley Gonzalez,NM,Social Worker,"Monday 1:00 PM, Monday 3:00 PM, Monday 5:00 PM, Tuesday 5:00 PM, Wednesday 8:30 AM, Wednesday 9:00 AM, Wednesday 1:30 PM, Friday 12:30 PM"
,quinn.clark@sample.org,Quinn Clark,ND,Psychologist,"Monday 12:00 PM, Monday 2:00 PM, Tuesday 5:30 PM, Wednesday 3:00 PM, Wednesday 3:30 PM, Wednesday 5:00 PM, Friday 10:30 AM, Friday 12:00 PM"
,jordan.chen@sample.org,Jordan Chen,VA,Social Worker,"Monday 2:30 PM, Tuesday 8:00 AM, Wednesday 8:30 AM, Thursday 5:30 PM, Friday 9:00 AM, Friday 5:00 PM"
,skyler.nguyen@mail.net,Skyler Nguyen,ID,Counselor,"Tuesday 9:00 AM, Tuesday 12:00 PM, Wednesday 12:30 PM, Wednesday 2:00 PM, Wednesday 4:30 PM, Thursday 12:00 PM, Thursday 4:30 PM, Friday 5:00 PM"
,morgan.martinez@example.com,Morgan Martinez,NV,Psychologist,"Tuesday 10:00 AM, Wednesday 2:00 PM, Wednesday 3:30 PM, Thursday 2:00 PM, Thursday 3:30 PM, Friday 1:00 PM"
,hayden.garcia@sample.org,Hayden Garcia,"IN, LA",Social Worker,"Monday 2:30 PM, Monday 3:00 PM, Tuesday 9:00 AM, Tuesday 10:00 AM, Tuesday 2:00 PM, Tuesday 6:00 PM, Wednesday 10:00 AM, Wednesday 4:00 PM, Thursday 10:30 AM, Friday 5:00 PM"
,alex.reed@mail.net,Alex Reed,ND,Marriage and Family Therapist,"Monday 3:00 PM, Tuesday 8:30 AM, Wednesday 9:00 AM, Wednesday 9:30 AM, Wednesday 11:30 AM, Wednesday 12:00 PM, Wednesday 4:00 PM, Thursday 2:00 PM, Thursday 3:30 PM, Thursday 4:00 PM"
,taylor.davis@mail.net,Taylor Davis,MD,Social Worker,"Monday 3:00 PM, Monday 3:30 PM, Monday 4:30 PM, Monday 5:00 PM, Tuesday 9:00 AM, Tuesday 12:30 PM, Tuesday 5:00 PM, Tuesday 5:30 PM, Wednesday 10:30 AM, Thursday 9:00 AM, Friday 10:00 AM"
,finley.rivera@sample.org,Finley Rivera,FL,Psychologist,"Tuesday 8:00 AM, Tuesday 8:30 AM, Tuesday 9:00 AM, Wednesday 6:00 PM, Thursday 10:30 AM, Thursday 12:00 PM, Thursday 5:00 PM, Thursday 5:30 PM, Friday 10:00 AM"
,hayden.clark@sample.org,Hayden Clark,ID,Marriage and Family Therapist,"Monday 8:30 AM, Monday 11:00 AM, Monday 4:30 PM, Tuesday 9:30 AM, Wednesday 9:30 AM, Wednesday 11:30 AM, Wednesday 3:30 PM, Wednesday 6:00 PM, Thursday 8:30 AM, Thursday 12:00 PM, Thursday 4:00 PM, Friday 6:00 PM"
,reese.reed@mail.net,Reese Reed,UT,Psychologist,"Monday 9:30 AM, Monday 1:00 PM, Tuesday 8:00 AM, Wednesday 3:00 PM, Wednesday 6:00 PM, Thursday 12:30 PM, Friday 11:00 AM, Friday 2:30 PM, Friday 4:30 PM"
,peyton.clark@example.com,Peyton Clark,LA,Counselor,"Tuesday 8:00 AM, Tuesday 3:30 PM, Wednesday 4:00 PM, Thursday 8:00 AM, Thursday 9:00 AM, Thursday 11:30 AM, Thursday 12:30 PM, Friday 1:30 PM, Friday 3:00 PM, Friday 3:30 PM"
,finley.clark@example.com,Finley Clark,LA,Marriage and Family Therapist,"Monday 10:30 AM, Monday 2:30 PM, Tuesday 11:00 AM, Wednesday 2:00 PM, Wednesday 3:00 PM, Thursday 11:00 AM, Friday 12:00 PM, Friday 1:00 PM, Friday 2:00 PM, Friday 2:30 PM"
,peyton.brown@mail.net,Peyton Brown,MD,Social Worker,"Monday 1:30 PM, Monday 3:30 PM, Tuesday 12:30 PM, Tuesday 2:00 PM, Wednesday 9:00 AM, Wednesday 3:00 PM, Friday 3:30 PM, Friday 5:30 PM, Friday 6:00 PM"
,dakota.nguyen@example.com,Dakota Nguyen,PA,Marriage and Family Therapist,"Monday 11:30 AM, Monday 4:30 PM, Tuesday 8:00 AM, Tuesday 10:30 AM, Wednesday 2:00 PM, Thursday 12:30 PM, Thursday 3:30 PM, Thursday 4:30 PM, Friday 11:00 AM, Friday 4:00 PM, Friday 5:30 PM, Friday 6:00 PM"
,peyton.wilson@sample.org,Peyton Wilson,RI,Counselor,"Monday 2:00 PM, Tuesday 2:30 PM, Tuesday 4:00 PM, Thursday 9:00 AM, Thursday 1:00 PM, Friday 9:00 AM, Friday 11:00 AM, Friday 6:00 PM"
,dakota.reed@example.com,Dakota Reed,NE,Social Worker,"Monday 4:00 PM, Monday 5:00 PM, Tuesday 1:00 PM, Tuesday 6:00 PM, Thursday 6:00 PM, Friday 10:30 AM, Friday 11:30 AM, Friday 2:30 PM"
,elliot.gonzalez@mail.net,Elliot Gonzalez,GA,Marriage and Family Therapist,"Monday 12:30 PM, Monday 1:30 PM, Wednesday 11:00 AM, Wednesday 12:30 PM, Wednesday 1:30 PM, Wednesday 3:30 PM, Thursday 9:00 AM, Thursday 5:00 PM, Friday 1:30 PM, Friday 3:00 PM, Friday 4:30 PM"
,jamie.brown@sample.org,Jamie Brown,MS,Psychologist,"Monday 8:00 AM, Monday 1:30 PM, Tuesday 6:00 PM, Wednesday 4:00 PM, Thursday 1:30 PM, Thursday 5:00 PM, Friday 8:30 AM, Friday 12:30 PM, Friday 3:30 PM"
,hayden.bennett@mail.net,Hayden Bennett,CA,Psychologist,"Tuesday 11:00 AM, Tuesday 2:30 PM, Tuesday 3:30 PM, Tuesday 6:00 PM, Wednesday 8:30 AM, Wednesday 2:00 PM, Thursday 8:00 AM"
,logan.nguyen@mail.net,Logan Nguyen,OR,Psychologist,"Monday 9:00 AM, Monday 10:30 AM, Monday 11:00 AM, Monday 2:00 PM, Monday 3:30 PM, Monday 6:00 PM, Wednesday 8:30 AM, Wednesday 4:00 PM, Thursday 4:30 PM, Friday 9:30 AM, Friday 2:30 PM, Friday 4:00 PM"
,skyler.brooks@sample.org,Skyler Brooks,NV,Counselor,"Monday 1:00 PM, Monday 1:30 PM, Monday 4:00 PM, Monday 6:00 PM, Tuesday 1:30 PM, Tuesday 3:00 PM, Tuesday 4:30 PM, Wednesday 10:00 AM, Wednesday 10:30 AM, Thursday 6:00 PM, Friday 8:30 AM"
,kendall.rivera@mail.net,Kendall Rivera,MT,Marriage and Family Therapist,"Monday 8:00 AM, Monday 1:30 PM, Monday 2:00 PM, Tuesday 11:00 AM, Tuesday 12:00 PM, Wednesday 2:00 PM, Wednesday 5:30 PM, Thursday 6:00 PM, Friday 10:30 AM, Friday 11:00 AM, Friday 2:00 PM"
,jamie.kim@example.com,Jamie Kim,IA,Psychologist,"Monday 8:30 AM, Monday 3:30 PM, Wednesday 8:30 AM, Wednesday 2:00 PM, Friday 10:30 AM, Friday 6:00 PM"
,emerson.cooper@mail.net,Emerson Cooper,CA,Counselor,"Monday 1:30 PM, Monday 2:30 PM, Monday 4:30 PM, Tuesday 4:30 PM, Tuesday 5:30 PM, Wednesday 10:30 AM, Wednesday 11:00 AM, Friday 12:30 PM, Friday 5:30 PM"
,peyton.hernandez@example.com,Peyton Hernandez,UT,Counselor,"Monday 8:30 AM, Tuesday 8:00 AM, Thursday 10:00 AM, Thursday 12:30 PM, Thursday 3:30 PM, Thursday 6:00 PM"
,peyton.brooks@sample.org,Peyton Brooks,IN,Counselor,"Monday 1:30 PM, Monday 2:00 PM, Monday 3:30 PM, Monday 4:30 PM, Tuesday 11:00 AM, Wednesday 3:00 PM, Thursday 3:30 PM, Friday 9:30 AM, Friday 2:00 PM"
,casey.clark@mail.net,Casey Clark,MN,Psychologist,"Monday 1:00 PM, Monday 4:30 PM, Tuesday 1:00 PM, Tuesday 3:00 PM, Thursday 11:30 AM, Thursday 2:30 PM, Thursday 5:30 PM, Friday 4:30 PM"
,cameron.clark@mail.net,Cameron Clark,ME,Social Worker,"Monday 11:00 AM, Tuesday 9:30 AM, Tuesday 10:30 AM, Tuesday 4:00 PM, Tuesday 4:30 PM, Wednesday 12:00 PM, Thursday 9:00 AM, Thursday 9:30 AM, Thursday 3:00 PM, Thursday 5:30 PM, Friday 8:00 AM, Friday 1:30 PM"
,kendall.hernandez@example.com,Kendall Hernandez,DE,Counselor,"Monday 8:30 AM, Monday 12:30 PM, Monday 4:00 PM, Tuesday 5:30 PM, Wednesday 10:00 AM, Wednesday 11:30 AM, Thursday 10:00 AM, Thursday 2:30 PM, Thursday 5:00 PM"
,riley.lopez@mail.net,Riley Lopez,OH,Counselor,"Monday 8:30 AM, Monday 9:00 AM, Monday 10:30 AM, Monday 11:30 AM, Monday 12:00 PM, Monday 12:30 PM, Tuesday 11:00 AM, Tuesday 2:00 PM, Wednesday 5:00 PM, Thursday 2:00 PM, Friday 3:00 PM, Friday 4:30 PM"
,logan.brown@sample.org,Logan Brown,SD,Psychologist,"Monday 1:00 PM, Monday 5:30 PM, Tuesday 3:00 PM, Tuesday 5:00 PM, Wednesday 12:30 PM, Thursday 10:30 AM, Thursday 3:30 PM, Thursday 5:00 PM, Friday 10:30 AM"
,morgan.bennett@example.com,Morgan Bennett,IN,Counselor,"Monday 12:00 PM, Tuesday 5:00 PM, Tuesday 6:00 PM, Wednesday 12:00 PM, Thursday 2:00 PM, Thursday 5:00 PM, Thursday 5:30 PM, Thursday 6:00 PM, Friday 9:30 AM, Friday 2:30 PM"
,alex.brooks@mail.net,Alex Brooks,KS,Social Worker,"Monday 11:30 AM, Monday 1:30 PM, Monday 3:00 PM, Wednesday 2:30 PM, Wednesday 4:00 PM, Thursday 3:00 PM, Thursday 3:30 PM"
,quinn.garcia@sample.org,Quinn Garcia,TX,Counselor,"Monday 8:30 AM, Monday 4:30 PM, Monday 6:00 PM, Thursday 8:00 AM, Friday 10:30 AM, Friday 11:00 AM"
,elliot.lopez@sample.org,Elliot Lopez,WA,Marriage and Family Therapist,"Monday 3:30 PM, Monday 4:00 PM, Tuesday 2:30 PM, Wednesday 10:30 AM, Friday 12:30 PM, Friday 1:30 PM, Friday 3:30 PM"
,morgan.parker@example.com,Morgan Parker,NV,Marriage and Family Therapist,"Monday 12:00 PM, Monday 12:30 PM, Tuesday 2:00 PM, Wednesday 10:00 AM, Wednesday 4:00 PM, Thursday 8:00 AM, Thursday 9:00 AM, Thursday 1:00 PM, Thursday 4:30 PM, Friday 11:30 AM"
,emerson.brooks@example.com,Emerson Brooks,OR,Counselor,"Monday 2:30 PM, Monday 3:00 PM, Monday 6:00 PM, Tuesday 1:30 PM, Thursday 1:00 PM, Friday 9:00 AM, Friday 12:00 PM, Friday 3:00 PM"
,sam.kim@example.com,Sam Kim,AL,Social Worker,"Monday 8:30 AM, Monday 10:00 AM, Monday 10:30 AM, Monday 5:30 PM, Tuesday 8:30 AM, Tuesday 1:00 PM, Wednesday 10:00 AM, Wednesday 11:30 AM, Wednesday 5:00 PM, Thursday 11:30 AM, Friday 11:30 AM, Friday 5:00 PM"
,quinn.nguyen@mail.net,Quinn Nguyen,IA,Marriage and Family Therapist,"Monday 12:30 PM, Tuesday 2:30 PM, Tuesday 5:30 PM, Wednesday 10:30 AM, Wednesday 1:30 PM, Thursday 1:00 PM, Friday 12:00 PM"
,dakota.clark@example.com,Dakota Clark,AR,Counselor,"Monday 10:30 AM, Monday 12:00 PM, Tuesday 3:30 PM, Wednesday 12:30 PM, Wednesday 4:30 PM, Thursday 9:30 AM, Friday 5:00 PM"
,jordan.lee@sample.org,Jordan Lee,OK,Psychologist,"Tuesday 10:00 AM, Tuesday 4:00 PM, Tuesday 4:30 PM, Wednesday 10:30 AM, Thursday 12:30 PM, Friday 4:00 PM"
,kendall.kim@mail.net,Kendall Kim,NJ,Marriage and Family Therapist,"Monday 5:30 PM, Tuesday 10:00 AM, Tuesday 1:00 PM, Thursday 8:00 AM, Thursday 11:00 AM, Friday 12:30 PM, Friday 2:30 PM, Friday 3:00 PM, Friday 3:30 PM, Friday 4:30 PM"
,drew.bailey@example.com,Drew Bailey,AK,Counselor,"Monday 8:00 AM, Monday 8:30 AM, Wednesday 8:00 AM, Wednesday 9:00 AM, Wednesday 11:00 AM, Thursday 5:00 PM, Friday 8:00 AM, Friday 10:00 AM, Friday 1:00 PM, Friday 2:30 PM"
,skyler.chen@mail.net,Skyler Chen,IN,Counselor,"Monday 10:30 AM, Monday 11:30 AM, Monday 1:30 PM, Monday 5:00 PM, Tuesday 12:00 PM, Tuesday 3:00 PM, Wednesday 6:00 PM, Thursday 9:30 AM, Friday 11:30 AM"
,finley.gonzalez@sample.org,Finley Gonzalez,MS,Psychologist,"Monday 12:30 PM, Monday 1:00 PM, Monday 2:00 PM, Monday 4:30 PM, Wednesday 12:00 PM, Thursday 8:30 AM, Thursday 12:30 PM, Thursday 1:30 PM, Thursday 2:00 PM, Thursday 5:00 PM, Friday 6:00 PM"
,cameron.hernandez@example.com,Cameron Hernandez,FL,Counselor,"Tuesday 2:00 PM, Tuesday 5:30 PM, Tuesday 6:00 PM, Wednesday 12:00 PM, Wednesday 3:30 PM, Friday 10:30 AM, Friday 1:00 PM, Friday 5:00 PM"
,elliot.reed@sample.org,Elliot Reed,IL,Counselor,"Monday 2:30 PM, Monday 3:30 PM, Monday 5:30 PM, Tuesday 8:00 AM, Tuesday 5:30 PM, Wednesday 9:30 AM, Wednesday 1:00 PM, Wednesday 3:30 PM, Wednesday 4:30 PM, Thursday 10:30 AM, Thursday 1:30 PM, Friday 3:00 PM"
,harper.cooper@example.com,Harper Cooper,NJ,Marriage and Family Therapist,"Monday 10:30 AM, Monday 1:30 PM, Monday 3:30 PM, Monday 6:00 PM, Tuesday 11:00 AM, Tuesday 4:30 PM, Tuesday 6:00 PM, Thursday 3:00 PM, Friday 9:30 AM, Friday 10:30 AM, Friday 11:00 AM, Friday 5:30 PM"
,logan.hernandez@example.com,Logan Hernandez,KS,Marriage and Family Therapist,"Monday 9:30 AM, Monday 11:00 AM, Tuesday 8:30 AM, Tuesday 2:00 PM, Tuesday 4:30 PM, Wednesday 12:30 PM, Thursday 9:00 AM, Friday 9:00 AM, Friday 6:00 PM"
,reese.moore@sample.org,Reese Moore,OK,Counselor,"Monday 2:30 PM, Monday 3:30 PM, Monday 4:30 PM, Wednesday 4:30 PM, Friday 4:30 PM, Friday 5:00 PM"
,cameron.gonzalez@example.com,Cameron Gonzalez,WY,Counselor,"Monday 1:00 PM, Tuesday 10:00 AM, Wednesday 10:30 AM, Wednesday 12:30 PM, Thursday 4:30 PM, Thursday 5:30 PM, Friday 9:30 AM"
,elliot.lee@mail.net,Elliot Lee,CA,Social Worker,"Monday 1:30 PM, Monday 4:00 PM, Tuesday 10:00 AM, Wednesday 3:00 PM, Thursday 5:30 PM, Friday 5:30 PM"
,elliot.patel@sample.org,Elliot Patel,NJ,Social Worker,"Monday 9:30 AM, Wednesday 11:00 AM, Wednesday 12:00 PM, Wednesday 2:30 PM, Thursday 8:00 AM, Thursday 1:00 PM, Friday 12:00 PM"
,finley.lee@mail.net,Finley Lee,MN,Counselor,"Monday 10:00 AM, Monday 5:30 PM, Tuesday 1:00 PM, Tuesday 3:00 PM, Wednesday 3:30 PM, Thursday 3:30 PM, Thursday 4:00 PM"
,dakota.brown@mail.net,Dakota Brown,NE,Psychologist,"Monday 1:30 PM, Monday 4:30 PM, Tuesday 10:00 AM, Tuesday 3:00 PM, Wednesday 11:30 AM, Wednesday 1:30 PM"
,emerson.nguyen@mail.net,Emerson Nguyen,ND,Counselor,"Monday 9:00 AM, Wednesday 9:00 AM, Wednesday 9:30 AM, Wednesday 11:00 AM, Wednesday 5:30 PM, Wednesday 6:00 PM, Thursday 11:00 AM, Friday 11:30 AM, Friday 4:00 PM, Friday 4:30 PM, Friday 5:00 PM"
,rowan.brown@mail.net,Rowan Brown,MO,Marriage and Family Therapist,"Monday 9:30 AM, Tuesday 11:30 AM, Tuesday 3:00 PM, Tuesday 5:30 PM, Thursday 2:30 PM, Friday 3:30 PM, Friday 5:30 PM"
,emerson.gonzalez@example.com,Emerson Gonzalez,NM,Marriage and Family Therapist,"Monday 2:00 PM, Monday 6:00 PM, Tuesday 12:00 PM, Tuesday 12:30 PM, Tuesday 1:00 PM, Tuesday 2:30 PM, Thursday 10:30 AM, Thursday 1:30 PM, Friday 8:00 AM, Friday 1:00 PM, Friday 4:30 PM, Friday 6:00 PM"
,casey.kim@example.com,Casey Kim,IA,Psychologist,"Tuesday 8:30 AM, Tuesday 12:30 PM, Tuesday 5:30 PM, Wednesday 9:30 AM, Thursday 2:00 PM, Friday 10:30 AM, Friday 1:00 PM, Friday 5:30 PM"
,peyton.lopez@mail.net,Peyton Lopez,"OR, GA, IL",Psychologist,"Monday 9:00 AM, Monday 10:00 AM, Monday 11:30 AM, Monday 1:30 PM, Tuesday 8:30 AM, Tuesday 11:30 AM, Tuesday 12:00 PM, Tuesday 5:00 PM, Wednesday 6:00 PM, Thursday 3:00 PM"
,quinn.ramirez@mail.net,Quinn Ramirez,MI,Counselor,"Monday 9:00 AM, Monday 11:30 AM, Monday 4:00 PM, Monday 5:00 PM, Tuesday 8:30 AM, Tuesday 6:00 PM, Wednesday 8:30 AM, Thursday 2:00 PM, Friday 11:00 AM, Friday 11:30 AM, Friday 3:30 PM, Friday 5:00 PM"
,hayden.lopez@example.com,Hayden Lopez,MS,Social Worker,"Monday 2:00 PM, Tuesday 4:30 PM, Tuesday 6:00 PM, Wednesday 8:30 AM, Wednesday 12:00 PM, Thursday 2:00 PM, Friday 8:00 AM, Friday 11:00 AM"
,elliot.martinez@example.com,Elliot Martinez,WA,Psychologist,"Tuesday 8:30 AM, Tuesday 11:30 AM, Tuesday 5:30 PM, Wednesday 9:30 AM, Wednesday 6:00 PM, Thursday 12:00 PM, Thursday 3:30 PM, Thursday 5:00 PM, Thursday 6:00 PM, Friday 10:00 AM, Friday 11:00 AM, Friday 4:00 PM"
,elliot.garcia@mail.net,Elliot Garcia,ID,Psychologist,"Monday 8:00 AM, Monday 4:00 PM, Tuesday 8:30 AM, Tuesday 4:00 PM, Thursday 1:00 PM, Friday 10:00 AM, Friday 10:30 AM, Friday 12:30 PM"
,alex.kim@sample.org,Alex Kim,WY,Social Worker,"Tuesday 11:30 AM, Tuesday 5:30 PM, Thursday 12:30 PM, Thursday 3:00 PM, Thursday 3:30 PM, Thursday 5:00 PM, Friday 5:30 PM"
,reese.wilson@example.com,Reese Wilson,GA,Marriage and Family Therapist,"Monday 12:30 PM, Monday 1:30 PM, Tuesday 8:00 AM, Tuesday 12:30 PM, Tuesday 5:30 PM, Wednesday 8:00 AM, Wednesday 9:00 AM, Thursday 5:00 PM, Friday 8:30 AM, Friday 11:00 AM, Friday 12:30 PM"
,rowan.lee@sample.org,Rowan Lee,"KS, VT",Social Worker,"Monday 8:00 AM, Monday 11:00 AM, Monday 2:30 PM, Tuesday 1:30 PM, Wednesday 11:30 AM, Wednesday 3:00 PM, Friday 12:00 PM, Friday 4:00 PM"
,peyton.parker@mail.net,Peyton Parker,HI,Psychologist,"Monday 2:00 PM, Wednesday 9:00 AM, Wednesday 11:00 AM, Wednesday 5:30 PM, Thursday 11:00 AM, Thursday 1:00 PM, Thursday 6:00 PM, Friday 2:30 PM, Friday 4:00 PM"
,hayden.cooper@mail.net,Hayden Cooper,NH,Social Worker,"Monday 9:00 AM, Monday 10:00 AM, Monday 12:30 PM, Monday 2:30 PM, Monday 6:00 PM, Tuesday 8:00 AM, Tuesday 2:00 PM, Tuesday 4:00 PM, Tuesday 5:30 PM, Wednesday 8:30 AM, Wednesday 11:00 AM, Friday 12:30 PM"
,cameron.brown@example.com,Cameron Brown,CO,Marriage and Family Therapist,"Monday 9:30 AM, Monday 11:00 AM, Monday 6:00 PM, Tuesday 8:00 AM, Wednesday 2:30 PM, Wednesday 5:30 PM, Thursday 3:00 PM, Thursday 3:30 PM, Thursday 6:00 PM, Friday 11:00 AM"
,alex.nguyen@example.com,Alex Nguyen,IL,Psychologist,"Monday 11:00 AM, Monday 2:00 PM, Tuesday 12:30 PM, Tuesday 2:00 PM, Tuesday 3:30 PM, Tuesday 4:30 PM, Thursday 11:00 AM, Thursday 11:30 AM, Friday 8:00 AM, Friday 12:00 PM, Friday 12:30 PM"
,casey.moore@sample.org,Casey Moore,NY,Counselor,"Monday 8:00 AM, Monday 1:30 PM, Tuesday 4:00 PM, Wednesday 10:00 AM, Wednesday 2:00 PM, Friday 8:00 AM"
,skyler.martinez@mail.net,Skyler Martinez,IL,Social Worker,"Monday 1:00 PM, Tuesday 8:00 AM, Tuesday 10:30 AM, Tuesday 4:00 PM, Wednesday 5:00 PM, Thursday 5:00 PM"
,kendall.lopez@example.com,Kendall Lopez,MT,Psychologist,"Monday 1:30 PM, Tuesday 9:00 AM, Tuesday 2:00 PM, Wednesday 10:30 AM, Wednesday 11:00 AM, Wednesday 11:30 AM, Thursday 11:00 AM, Thursday 5:30 PM, Friday 8:00 AM"
,kendall.reed@sample.org,Kendall Reed,AZ,Marriage and Family Therapist,"Monday 11:30 AM, Monday 5:30 PM, Tuesday 11:30 AM, Tuesday 2:00 PM, Tuesday 2:30 PM, Wednesday 4:30 PM, Thursday 12:30 PM, Friday 10:30 AM, Friday 2:00 PM"
,drew.moore@mail.net,Drew Moore,TX,Marriage and Family Therapist,"Monday 11:30 AM, Tuesday 12:00 PM, Wednesday 11:30 AM, Wednesday 1:00 PM, Wednesday 1:30 PM, Thursday 9:30 AM, Thursday 10:30 AM, Thursday 11:00 AM, Thursday 11:30 AM, Thursday 2:00 PM, Friday 2:00 PM, Friday 6:00 PM"
,drew.ramirez@mail.net,Drew Ramirez,NM,Counselor,"Monday 10:00 AM, Monday 1:00 PM, Tuesday 4:30 PM, Wednesday 12:00 PM, Thursday 8:30 AM, Thursday 9:30 AM, Thursday 1:00 PM, Friday 11:30 AM, Friday 5:00 PM"
,cameron.davis@mail.net,Cameron Davis,SC,Counselor,"Tuesday 8:00 AM, Tuesday 8:30 AM, Tuesday 11:00 AM, Wednesday 3:30 PM, Friday 2:00 PM, Friday 5:30 PM"
,cameron.reed@example.com,Cameron Reed,NV,Social Worker,"Monday 12:00 PM, Monday 1:30 PM, Monday 5:00 PM, Tuesday 10:00 AM, Tuesday 2:00 PM, Tuesday 5:30 PM, Wednesday 2:30 PM, Thursday 2:30 PM, Thursday 4:30 PM, Friday 12:30 PM, Friday 5:30 PM"
,jamie.parker@sample.org,Jamie Parker,OK,Marriage and Family Therapist,"Monday 8:30 AM, Monday 3:00 PM, Monday 5:00 PM, Monday 5:30 PM, Tuesday 3:00 PM, Wednesday 1:30 PM, Wednesday 4:00 PM, Thursday 9:30 AM, Thursday 2:00 PM, Thursday 4:00 PM, Friday 10:30 AM, Friday 4:00 PM"
,finley.martinez@mail.net,Finley Martinez,WI,Social Worker,"Monday 2:00 PM, Tuesday 3:30 PM, Thursday 10:30 AM, Thursday 12:30 PM, Friday 3:30 PM, Friday 4:00 PM"
,hayden.jenkins@sample.org,Hayden Jenkins,KY,Psychologist,"Monday 10:00 AM, Monday 5:00 PM, Tuesday 8:30 AM, Tuesday 3:00 PM, Wednesday 12:30 PM, Wednesday 5:00 PM, Wednesday 6:00 PM, Thursday 1:00 PM, Thursday 3:00 PM, Thursday 4:00 PM, Friday 9:30 AM"
,cameron.cooper@mail.net,Cameron Cooper,MT,Marriage and Family Therapist,"Monday 9:00 AM, Monday 11:00 AM, Tuesday 12:30 PM, Tuesday 2:30 PM, Tuesday 4:30 PM, Wednesday 8:30 AM, Wednesday 10:30 AM, Wednesday 5:00 PM, Friday 1:30 PM, Friday 4:30 PM, Friday 6:00 PM"
,jamie.brooks@sample.org,Jamie Brooks,NY,Social Worker,"Monday 4:30 PM, Tuesday 12:00 PM, Tuesday 2:30 PM, Tuesday 4:30 PM, Tuesday 6:00 PM, Wednesday 1:30 PM, Wednesday 3:00 PM, Thursday 3:00 PM, Thursday 5:30 PM, Friday 12:30 PM, Friday 1:30 PM, Friday 3:30 PM"
,drew.reed@example.com,Drew Reed,IN,Psychologist,"Monday 11:30 AM, Monday 12:00 PM, Monday 6:00 PM, Tuesday 5:00 PM, Wednesday 10:30 AM, Wednesday 6:00 PM, Thursday 9:00 AM, Thursday 9:30 AM, Friday 11:00 AM, Friday 2:30 PM, Friday 4:30 PM"
,avery.kim@mail.net,Avery Kim,WY,Social Worker,"Monday 10:00 AM, Monday 11:00 AM, Monday 11:30 AM, Tuesday 9:30 AM, Tuesday 10:00 AM, Tuesday 1:00 PM, Wednesday 4:00 PM"
,morgan.bailey@sample.org,Morgan Bailey,LA,Marriage and Family Therapist,"Monday 9:30 AM, Monday 3:30 PM, Tuesday 12:30 PM, Wednesday 10:30 AM, Wednesday 12:00 PM, Wednesday 3:30 PM, Wednesday 4:30 PM, Wednesday 6:00 PM, Thursday 8:30 AM, Thursday 2:30 PM, Thursday 5:00 PM, Friday 9:30 AM"
,dakota.cooper@example.com,Dakota Cooper,NM,Marriage and Family Therapist,"Monday 9:30 AM, Monday 1:30 PM, Monday 6:00 PM, Tuesday 2:00 PM, Tuesday 3:30 PM, Wednesday 11:30 AM, Friday 10:00 AM, Friday 1:30 PM"
,finley.moore@example.com,Finley Moore,OR,Counselor,"Monday 9:00 AM, Tuesday 10:30 AM, Tuesday 11:30 AM, Tuesday 2:30 PM, Wednesday 1:00 PM, Thursday 9:00 AM, Thursday 5:30 PM, Thursday 6:00 PM, Friday 9:00 AM, Friday 9:30 AM, Friday 3:00 PM, Friday 3:30 PM"
,skyler.brown@example.com,Skyler Brown,FL,Counselor,"Monday 8:30 AM, Tuesday 11:30 AM, Tuesday 1:30 PM, Tuesday 5:00 PM, Thursday 3:00 PM, Thursday 5:30 PM, Friday 11:00 AM, Friday 11:30 AM, Friday 5:00 PM, Friday 5:30 PM"
,cameron.brooks@sample.org,Cameron Brooks,MO,Marriage and Family Therapist,"Tuesday 11:00 AM, Tuesday 1:30 PM, Tuesday 4:30 PM, Wednesday 12:00 PM, Wednesday 4:30 PM, Thursday 9:30 AM, Thursday 1:30 PM, Thursday 4:00 PM, Friday 9:00 AM"
,alex.cooper@example.com,Alex Cooper,"OK, TN, RI",Marriage and Family Therapist,"Monday 12:00 PM, Monday 2:30 PM, Tuesday 3:00 PM, Tuesday 6:00 PM, Wednesday 8:30 AM, Wednesday 5:30 PM, Thursday 5:00 PM, Friday 9:30 AM"
,finley.davis@sample.org,Finley Davis,VA,Marriage and Family Therapist,"Monday 11:30 AM, Monday 5:30 PM, Tuesday 12:30 PM, Thursday 9:30 AM, Friday 2:30 PM, Friday 5:00 PM, Friday 5:30 PM"
,jamie.bailey@mail.net,Jamie Bailey,MA,Counselor,"Monday 9:30 AM, Monday 10:00 AM, Tuesday 2:00 PM, Tuesday 4:00 PM, Wednesday 11:30 AM, Wednesday 12:30 PM, Wednesday 1:30 PM, Thursday 8:00 AM, Thursday 1:30 PM, Thursday 6:00 PM, Friday 1:00 PM"
,morgan.clark@mail.net,Morgan Clark,IL,Marriage and Family Therapist,"Tuesday 11:30 AM, Tuesday 4:30 PM, Wednesday 9:30 AM, Wednesday 5:00 PM, Thursday 8:30 AM, Thursday 10:30 AM, Thursday 5:00 PM, Friday 8:30 AM, Friday 9:30 AM, Friday 11:30 AM, Friday 4:00 PM"
,casey.parker@example.com,Casey Parker,OK,Counselor,"Monday 2:00 PM, Monday 4:00 PM, Tuesday 2:00 PM, Wednesday 5:00 PM, Thursday 12:00 PM, Friday 12:00 PM, Friday 1:00 PM, Friday 5:30 PM"
,emerson.lee@example.com,Emerson Lee,MI,Social Worker,"Tuesday 11:30 AM, Tuesday 5:00 PM, Wednesday 8:00 AM, Wednesday 9:30 AM, Wednesday 1:30 PM, Friday 1:30 PM, Friday 4:00 PM"
,riley.jenkins@sample.org,Riley Jenkins,ME,Psychologist,"Monday 11:00 AM, Monday 12:30 PM, Monday 3:30 PM, Tuesday 9:30 AM, Wednesday 11:00 AM, Wednesday 5:00 PM, Thursday 8:30 AM, Thursday 10:00 AM, Thursday 1:30 PM, Thursday 4:00 PM, Thursday 5:00 PM, Friday 9:30 AM"
,casey.garcia@sample.org,Casey Garcia,GA,Counselor,"Monday 5:00 PM, Tuesday 5:30 PM, Wednesday 8:30 AM, Wednesday 1:00 PM, Wednesday 4:00 PM, Thursday 12:30 PM, Friday 11:30 AM"
,drew.brooks@example.com,Drew Brooks,NY,Marriage and Family Therapist,"Monday 8:00 AM, Monday 11:30 AM, Tuesday 8:00 AM, Tuesday 8:30 AM, Tuesday 10:30 AM, Tuesday 3:00 PM, Tuesday 5:30 PM, Wednesday 3:30 PM, Thursday 5:00 PM, Friday 2:30 PM, Friday 3:30 PM"
,riley.hernandez@mail.net,Riley Hernandez,NY,Social Worker,"Wednesday 11:30 AM, Wednesday 12:30 PM, Wednesday 2:00 PM, Wednesday 2:30 PM, Wednesday 5:30 PM, Thursday 3:30 PM, Thursday 5:00 PM"
,drew.jenkins@example.com,Drew Jenkins,IL,Marriage and Family Therapist,"Monday 9:00 AM, Tuesday 9:30 AM, Tuesday 6:00 PM, Thursday 10:00 AM, Friday 9:00 AM, Friday 2:00 PM"
,casey.davis@example.com,Casey Davis,KS,Counselor,"Monday 10:30 AM, Monday 12:00 PM, Monday 2:30 PM, Monday 4:00 PM, Tuesday 8:00 AM, Tuesday 4:30 PM, Tuesday 5:00 PM, Wednesday 9:00 AM, Wednesday 11:30 AM, Thursday 8:30 AM, Thursday 2:00 PM"
,quinn.lopez@sample.org,Quinn Lopez,ND,Marriage and Family Therapist,"Monday 4:30 PM, Tuesday 8:00 AM, Tuesday 9:30 AM, Wednesday 8:30 AM, Wednesday 9:30 AM, Wednesday 6:00 PM, Friday 9:30 AM, Friday 2:00 PM, Friday 5:30 PM"
,morgan.lopez@sample.org,Morgan Lopez,"WA, FL",Counselor,"Monday 9:00 AM, Monday 10:00 AM, Monday 3:30 PM, Tuesday 8:00 AM, Wednesday 10:00 AM, Wednesday 11:00 AM, Thursday 8:30 AM, Thursday 2:00 PM, Thursday 6:00 PM, Friday 11:30 AM, Friday 4:30 PM"
,hayden.bailey@mail.net,Hayden Bailey,OH,Social Worker,"Monday 9:00 AM, Monday 11:00 AM, Monday 2:30 PM, Monday 3:00 PM, Wednesday 11:00 AM, Wednesday 1:30 PM, Wednesday 3:00 PM, Thursday 6:00 PM, Friday 8:00 AM, Friday 10:00 AM"
,elliot.brooks@example.com,Elliot Brooks,NM,Counselor,"Monday 8:30 AM, Tuesday 4:30 PM, Wednesday 1:30 PM, Thursday 4:30 PM, Friday 8:00 AM, Friday 9:30 AM, Friday 10:00 AM"
,kendall.davis@example.com,Kendall Davis,LA,Counselor,"Monday 2:30 PM, Monday 3:00 PM, Monday 3:30 PM, Tuesday 3:30 PM, Thursday 8:00 AM, Thursday 9:00 AM, Thursday 4:00 PM, Friday 12:00 PM, Friday 4:00 PM"
,hayden.rivera@example.com,Hayden Rivera,WY,Marriage and Family Therapist,"Monday 10:30 AM, Monday 6:00 PM, Tuesday 10:00 AM, Tuesday 10:30 AM, Tuesday 4:00 PM, Wednesday 9:30 AM, Wednesday 1:00 PM, Thursday 8:00 AM, Thursday 9:30 AM, Thursday 11:30 AM, Friday 10:00 AM, Friday 11:00 AM"
,alex.brown@sample.org,Alex Brown,AL,Social Worker,"Monday 12:30 PM, Monday 1:30 PM, Monday 2:00 PM, Monday 3:00 PM, Monday 5:30 PM, Thursday 8:00 AM, Thursday 9:00 AM, Thursday 1:00 PM, Friday 8:30 AM, Friday 12:00 PM, Friday 3:30 PM"
,alex.moore@sample.org,Alex Moore,NJ,Marriage and Family Therapist,"Monday 10:30 AM, Monday 11:00 AM, Monday 2:00 PM, Tuesday 8:30 AM, Tuesday 4:00 PM, Wednesday 10:00 AM, Wednesday 4:30 PM, Friday 6:00 PM"
,jordan.parker@mail.net,Jordan Parker,WV,Social Worker,"Monday 8:30 AM, Monday 10:30 AM, Monday 4:30 PM, Thursday 5:30 PM, Friday 8:00 AM, Friday 2:30 PM"
,taylor.brown@example.com,Taylor Brown,NH,Marriage and Family Therapist,"Monday 1:30 PM, Monday 3:00 PM, Tuesday 9:00 AM, Tuesday 2:30 PM, Wednesday 8:30 AM, Wednesday 10:30 AM, Wednesday 11:30 AM, Wednesday 12:30 PM, Wednesday 4:00 PM, Friday 10:00 AM, Friday 6:00 PM"
,finley.bennett@sample.org,Finley Bennett,TN,Counselor,"Monday 11:30 AM, Monday 2:30 PM, Monday 4:00 PM, Monday 6:00 PM, Friday 10:30 AM, Friday 12:00 PM"
,peyton.patel@sample.org,Peyton Patel,NM,Psychologist,"Monday 9:30 AM, Wednesday 9:30 AM, Wednesday 11:00 AM, Thursday 3:30 PM, Friday 9:30 AM, Friday 12:30 PM, Friday 3:30 PM"
,finley.bailey@example.com,Finley Bailey,NY,Social Worker,"Monday 8:30 AM, Monday 10:30 AM, Monday 12:00 PM, Tuesday 2:00 PM, Tuesday 5:30 PM, Wednesday 3:00 PM, Thursday 6:00 PM, Friday 9:00 AM, Friday 11:00 AM"
,rowan.jenkins@mail.net,Rowan Jenkins,OR,Counselor,"Monday 2:00 PM, Tuesday 1:00 PM, Wednesday 8:30 AM, Wednesday 2:30 PM, Wednesday 5:30 PM, Thursday 9:30 AM, Thursday 4:00 PM, Friday 8:00 AM, Friday 10:00 AM, Friday 10:30 AM, Friday 12:30 PM"
,elliot.bailey@sample.org,Elliot Bailey,TN,Psychologist,"Monday 8:30 AM, Monday 11:00 AM, Monday 6:00 PM, Thursday 8:30 AM, Thursday 12:00 PM, Thursday 3:30 PM, Thursday 5:30 PM"
,harper.clark@sample.org,Harper Clark,HI,Social Worker,"Monday 11:00 AM, Tuesday 11:30 AM, Tuesday 12:30 PM, Tuesday 3:00 PM, Tuesday 6:00 PM, Wednesday 8:00 AM, Wednesday 11:00 AM, Wednesday 12:30 PM, Wednesday 6:00 PM, Thursday 8:30 AM, Thursday 11:30 AM, Thursday 5:30 PM"
,jordan.bennett@example.com,Jordan Bennett,NH,Psychologist,"Monday 3:30 PM, Tuesday 5:30 PM, Wednesday 3:30 PM, Thursday 8:00 AM, Thursday 6:00 PM, Friday 1:30 PM"
,taylor.cooper@example.com,Taylor Cooper,NE,Social Worker,"Monday 8:00 AM, Monday 1:30 PM, Tuesday 4:30 PM, Thursday 9:00 AM, Thursday 11:30 AM, Thursday 12:00 PM, Thursday 3:00 PM, Thursday 4:00 PM, Thursday 5:00 PM, Friday 4:30 PM"
,taylor.wilson@example.com,Taylor Wilson,NJ,Marriage and Family Therapist,"Monday 11:00 AM, Tuesday 11:30 AM, Wednesday 8:00 AM, Wednesday 4:00 PM, Thursday 12:00 PM, Thursday 4:00 PM, Friday 3:00 PM, Friday 6:00 PM"
,hayden.nguyen@mail.net,Hayden Nguyen,TX,Marriage and Family Therapist,"Monday 8:00 AM, Monday 2:00 PM, Monday 3:00 PM, Tuesday 11:30 AM, Wednesday 8:30 AM, Wednesday 9:30 AM, Wednesday 3:30 PM, Thursday 5:00 PM, Friday 8:00 AM, Friday 2:30 PM, Friday 5:00 PM"
,harper.davis@sample.org,Harper Davis,MS,Social Worker,"Monday 4:30 PM, Tuesday 8:00 AM, Thursday 8:00 AM, Friday 11:30 AM, Friday 12:00 PM, Friday 1:30 PM"
,cameron.bailey@sample.org,Cameron Bailey,SC,Counselor,"Monday 3:30 PM, Tuesday 9:30 AM, Tuesday 11:00 AM, Wednesday 12:00 PM, Wednesday 4:00 PM, Friday 11:30 AM, Friday 4:00 PM"
,jamie.moore@sample.org,Jamie Moore,NE,Social Worker,"Monday 8:00 AM, Monday 3:30 PM, Monday 4:30 PM, Wednesday 3:30 PM, Wednesday 4:00 PM, Thursday 8:00 AM, Thursday 8:30 AM, Thursday 2:00 PM, Friday 8:00 AM, Friday 9:00 AM, Friday 3:00 PM"
,sam.ramirez@mail.net,Sam Ramirez,OK,Psychologist,"Monday 2:30 PM, Monday 4:00 PM, Tuesday 8:30 AM, Wednesday 11:30 AM, Wednesday 5:30 PM, Thursday 9:00 AM, Thursday 1:30 PM, Friday 8:00 AM, Friday 10:00 AM, Friday 12:30 PM, Friday 3:30 PM, Friday 6:00 PM"
,avery.patel@mail.net,Avery Patel,MA,Psychologist,"Tuesday 1:00 PM, Tuesday 3:00 PM, Tuesday 4:00 PM, Wednesday 8:30 AM, Wednesday 12:00 PM, Wednesday 3:30 PM, Thursday 3:00 PM, Friday 10:00 AM, Friday 2:30 PM"
,cameron.chen@example.com,Cameron Chen,RI,Marriage and Family Therapist,"Tuesday 10:00 AM, Tuesday 10:30 AM, Tuesday 11:00 AM, Tuesday 4:00 PM, Tuesday 5:30 PM, Thursday 11:30 AM, Thursday 4:00 PM, Thursday 4:30 PM, Friday 9:30 AM, Friday 10:30 AM, Friday 11:30 AM, Friday 1:00 PM"
,taylor.parker@sample.org,Taylor Parker,FL,Counselor,"Monday 3:00 PM, Tuesday 6:00 PM, Wednesday 9:30 AM, Wednesday 5:30 PM, Thursday 11:00 AM, Thursday 12:00 PM, Thursday 5:00 PM, Friday 10:00 AM, Friday 11:00 AM, Friday 2:30 PM"
,drew.nguyen@mail.net,Drew Nguyen,TX,Psychologist,"Monday 8:30 AM, Monday 9:30 AM, Monday 2:30 PM, Monday 5:00 PM, Tuesday 3:30 PM, Wednesday 11:00 AM, Wednesday 2:00 PM, Thursday 9:30 AM, Thursday 10:30 AM, Friday 1:30 PM, Friday 5:30 PM"
,harper.chen@example.com,Harper Chen,IL,Marriage and Family Therapist,"Monday 11:30 AM, Monday 5:00 PM, Monday 6:00 PM, Tuesday 10:30 AM, Tuesday 1:30 PM, Tuesday 3:30 PM, Tuesday 4:00 PM, Thursday 11:00 AM, Friday 9:30 AM, Friday 10:00 AM, Friday 2:00 PM, Friday 4:00 PM"
,jamie.chen@example.com,Jamie Chen,NH,Social Worker,"Tuesday 11:30 AM, Tuesday 12:30 PM, Wednesday 11:30 AM, Thursday 9:00 AM, Thursday 12:00 PM, Thursday 5:30 PM, Friday 9:00 AM, Friday 1:00 PM, Friday 1:30 PM, Friday 4:00 PM"
,logan.davis@mail.net,Logan Davis,TX,Social Worker,"Monday 8:30 AM, Monday 11:00 AM, Tuesday 5:30 PM, Wednesday 11:30 AM, Wednesday 1:30 PM, Thursday 11:30 AM, Friday 9:30 AM, Friday 1:30 PM, Friday 4:00 PM"
,rowan.reed@sample.org,Rowan Reed,WY,Psychologist,"Tuesday 10:00 AM, Tuesday 11:30 AM, Wednesday 10:30 AM, Thursday 11:00 AM, Thursday 2:00 PM, Thursday 3:00 PM, Thursday 5:00 PM, Thursday 5:30 PM, Friday 11:00 AM, Friday 1:00 PM, Friday 2:00 PM, Friday 3:30 PM"
,peyton.nguyen@mail.net,Peyton Nguyen,ME,Psychologist,"Monday 12:30 PM, Monday 3:30 PM, Tuesday 8:30 AM, Tuesday 9:00 AM, Thursday 9:00 AM, Friday 9:30 AM, Friday 1:00 PM"
,dakota.garcia@sample.org,Dakota Garcia,LA,Marriage and Family Therapist,"Monday 8:00 AM, Monday 6:00 PM, Tuesday 1:30 PM, Wednesday 8:00 AM, Wednesday 4:30 PM, Thursday 1:30 PM, Friday 11:00 AM"
,peyton.ramirez@example.com,Peyton Ramirez,MA,Social Worker,"Monday 12:30 PM, Tuesday 4:30 PM, Wednesday 9:30 AM, Wednesday 6:00 PM, Thursday 11:30 AM, Thursday 1:00 PM, Thursday 3:30 PM, Thursday 4:30 PM, Friday 8:00 AM, Friday 11:00 AM, Friday 4:00 PM, Friday 4:30 PM"
,finley.hernandez@sample.org,Finley Hernandez,ID,Social Worker,"Monday 1:30 PM, Monday 6:00 PM, Tuesday 11:00 AM, Tuesday 11:30 AM, Wednesday 8:00 AM, Wednesday 9:00 AM, Wednesday 12:30 PM, Wednesday 1:30 PM, Thursday 8:30 AM, Thursday 10:30 AM, Thursday 11:00 AM, Friday 8:00 AM"
,morgan.davis@sample.org,Morgan Davis,IN,Psychologist,"Monday 8:30 AM, Monday 3:00 PM, Tuesday 12:30 PM, Wednesday 9:00 AM, Wednesday 3:30 PM, Thursday 3:30 PM, Thursday 5:30 PM, Thursday 6:00 PM, Friday 8:30 AM, Friday 2:00 PM"
,avery.nguyen@mail.net,Avery Nguyen,AZ,Marriage and Family Therapist,"Monday 9:30 AM, Monday 3:00 PM, Tuesday 1:30 PM, Tuesday 3:30 PM, Wednesday 11:30 AM, Thursday 9:30 AM, Thursday 11:00 AM, Friday 12:00 PM, Friday 4:30 PM"
,morgan.nguyen@sample.org,Morgan Nguyen,NC,Psychologist,"Monday 10:30 AM, Monday 1:00 PM, Monday 2:00 PM, Tuesday 8:00 AM, Tuesday 9:30 AM, Tuesday 4:00 PM, Tuesday 6:00 PM, Thursday 9:00 AM, Thursday 6:00 PM"
,drew.lee@mail.net,Drew Lee,SD,Social Worker,"Monday 2:30 PM, Tuesday 11:00 AM, Wednesday 2:00 PM, Thursday 4:30 PM, Friday 8:30 AM, Friday 9:30 AM, Friday 3:30 PM"
,harper.brown@example.com,Harper Brown,VT,Psychologist,"Monday 9:30 AM, Monday 10:00 AM, Monday 12:30 PM, Monday 1:30 PM, Monday 5:30 PM, Wednesday 8:00 AM, Wednesday 4:00 PM, Friday 9:30 AM, Friday 11:30 AM, Friday 1:30 PM, Friday 6:00 PM"
,rowan.brooks@example.com,Rowan Brooks,KY,Social Worker,"Monday 9:00 AM, Tuesday 12:00 PM, Tuesday 2:00 PM, Tuesday 5:30 PM, Wednesday 11:30 AM, Wednesday 12:30 PM, Wednesday 1:00 PM, Wednesday 2:30 PM, Wednesday 3:30 PM, Thursday 4:30 PM"
,morgan.brooks@sample.org,Morgan Brooks,OH,Social Worker,"Monday 10:30 AM, Monday 12:00 PM, Monday 12:30 PM, Wednesday 9:30 AM, Thursday 8:30 AM, Thursday 1:30 PM, Thursday 4:00 PM, Friday 10:30 AM, Friday 12:00 PM, Friday 1:30 PM, Friday 2:00 PM"
,dakota.bennett@example.com,Dakota Bennett,UT,Marriage and Family Therapist,"Monday 9:30 AM, Monday 1:30 PM, Monday 6:00 PM, Tuesday 3:30 PM, Wednesday 11:00 AM, Wednesday 12:00 PM, Wednesday 3:00 PM, Wednesday 5:00 PM, Friday 8:00 AM, Friday 2:30 PM"
,peyton.garcia@mail.net,Peyton Garcia,WV,Psychologist,"Monday 8:30 AM, Monday 5:00 PM, Tuesday 4:00 PM, Tuesday 4:30 PM, Wednesday 10:30 AM, Thursday 11:00 AM, Thursday 5:00 PM, Thursday 5:30 PM, Friday 9:00 AM, Friday 12:30 PM, Friday 4:30 PM, Friday 5:00 PM"
,avery.moore@mail.net,Avery Moore,GA,Social Worker,"Monday 8:00 AM, Wednesday 12:00 PM, Thursday 10:30 AM, Thursday 11:30 AM, Thursday 1:00 PM, Thursday 2:30 PM"
,emerson.reed@example.com,Emerson Reed,WV,Marriage and Family Therapist,"Monday 5:00 PM, Monday 6:00 PM, Tuesday 9:00 AM, Tuesday 11:30 AM, Wednesday 1:00 PM, Thursday 9:00 AM, Thursday 5:30 PM"
,avery.davis@mail.net,Avery Davis,IL,Social Worker,"Monday 11:00 AM, Wednesday 4:30 PM, Thursday 11:30 AM, Thursday 12:30 PM, Friday 8:30 AM, Friday 2:00 PM, Friday 5:00 PM"
,harper.moore@mail.net,Harper Moore,ME,Social Worker,"Monday 2:00 PM, Monday 4:00 PM, Tuesday 10:00 AM, Wednesday 8:00 AM, Wednesday 9:30 AM, Wednesday 6:00 PM, Thursday 1:30 PM, Friday 12:00 PM"
,casey.lopez@mail.net,Casey Lopez,CT,Marriage and Family Therapist,"Monday 12:00 PM, Tuesday 9:30 AM, Tuesday 5:00 PM, Tuesday 5:30 PM, Wednesday 8:00 AM, Wednesday 3:30 PM, Wednesday 6:00 PM, Thursday 3:30 PM, Friday 8:00 AM, Friday 10:00 AM"
,drew.kim@mail.net,Drew Kim,OR,Marriage and Family Therapist,"Monday 8:00 AM, Tuesday 8:00 AM, Tuesday 11:30 AM, Tuesday 1:00 PM, Tuesday 3:00 PM, Tuesday 5:30 PM, Wednesday 2:00 PM, Wednesday 2:30 PM, Thursday 5:30 PM, Friday 11:30 AM, Friday 1:00 PM, Friday 4:00 PM"
,casey.gonzalez@sample.org,Casey Gonzalez,WA,Marriage and Family Therapist,"Monday 2:30 PM, Tuesday 8:30 AM, Tuesday 5:00 PM, Wednesday 9:30 AM, Wednesday 3:30 PM, Wednesday 4:30 PM, Wednesday 6:00 PM, Thursday 11:30 AM, Friday 3:30 PM"
,logan.kim@mail.net,Logan Kim,LA,Counselor,"Monday 9:00 AM, Monday 9:30 AM, Monday 12:30 PM, Tuesday 10:00 AM, Tuesday 2:00 PM, Thursday 8:30 AM, Thursday 1:30 PM, Thursday 4:30 PM, Friday 12:30 PM, Friday 6:00 PM"
,alex.rivera@mail.net,Alex Rivera,PA,Counselor,"Tuesday 2:00 PM, Wednesday 5:00 PM, Thursday 11:00 AM, Thursday 11:30 AM, Thursday 6:00 PM, Friday 3:30 PM"
,emerson.jenkins@example.com,Emerson Jenkins,IA,Marriage and Family Therapist,"Monday 8:30 AM, Monday 1:30 PM, Wednesday 10:00 AM, Wednesday 12:00 PM, Wednesday 4:30 PM, Thursday 8:30 AM, Thursday 9:00 AM"
,emerson.hernandez@mail.net,Emerson Hernandez,SC,Counselor,"Monday 4:30 PM, Monday 5:00 PM, Monday 6:00 PM, Tuesday 8:30 AM, Wednesday 9:30 AM, Wednesday 3:30 PM, Wednesday 5:30 PM, Thursday 9:00 AM, Thursday 12:30 PM, Friday 8:00 AM, Friday 12:30 PM, Friday 1:00 PM"
,harper.jenkins@example.com,Harper Jenkins,NY,Counselor,"Monday 10:30 AM, Tuesday 10:30 AM, Tuesday 12:00 PM, Tuesday 2:00 PM, Wednesday 10:30 AM, Friday 8:30 AM"
,morgan.chen@mail.net,Morgan Chen,MS,Psychologist,"Monday 10:30 AM, Monday 2:30 PM, Tuesday 3:00 PM, Tuesday 6:00 PM, Wednesday 4:00 PM, Thursday 9:30 AM, Thursday 5:00 PM, Thursday 6:00 PM, Friday 11:00 AM"
,morgan.ramirez@mail.net,Morgan Ramirez,OH,Counselor,"Monday 12:30 PM, Tuesday 11:30 AM, Tuesday 1:30 PM, Wednesday 10:00 AM, Wednesday 11:00 AM, Wednesday 12:30 PM, Thursday 9:30 AM, Thursday 2:00 PM, Thursday 6:00 PM"
