assoc_idx,sup_idx,Associate,Associate Email,Associate State,Associate License,Associate Availability,Supervisor,Supervisor Email,Supervisor State,Who can you supervise?,Supervisor Availability,Capacity,AvailabilityOverlap,AvailabilityScore,match_score,final_score
169,47,Harper Chen,harper.chen@example.com,IL,Marriage and Family Therapist,"Monday 11:30 AM, Monday 5:00 PM, Monday 6:00 PM, Tuesday 10:30 AM, Tuesday 1:30 PM, Tuesday 3:30 PM, Tuesday 4:00 PM, Thursday 11:00 AM, Friday 9:30 AM, Friday 10:00 AM, Friday 2:00 PM, Friday 4:00 PM",Alex Bennett,alex.bennett@sample.org,IL,"Marriage and Family Therapist, Psychologist, Counselor","Monday 9:30 AM, Monday 11:00 AM, Monday 3:30 PM, Monday 4:00 PM, Tuesday 10:30 AM, Tuesday 12:30 PM, Tuesday 2:30 PM, Tuesday 3:30 PM, Wednesday 3:00 PM, Wednesday 6:00 PM, Thursday 11:30 AM, Thursday 3:00 PM, Thursday 4:30 PM, Friday 10:30 AM, Friday 11:00 AM, Friday 2:30 PM, Friday 5:00 PM",6,2,0.8745730213625752,0.9245248840625174,0.8995489527125463
64,99,Casey Clark,casey.clark@mail.net,MN,Psychologist,"Monday 1:00 PM, Monday 4:30 PM, Tuesday 1:00 PM, Tuesday 3:00 PM, Thursday 11:30 AM, Thursday 2:30 PM, Thursday 5:30 PM, Friday 4:30 PM",Jordan Ramirez,jordan.ramirez@mail.net,MN,"Counselor, Psychologist","Monday 11:00 AM, Monday 2:00 PM, Monday 2:30 PM, Monday 3:30 PM, Monday 5:00 PM, Monday 6:00 PM, Tuesday 12:30 PM, Tuesday 1:00 PM, Tuesday 2:30 PM, Tuesday 4:00 PM, Tuesday 5:30 PM, Wednesday 11:30 AM, Wednesday 1:30 PM, Wednesday 3:30 PM, Wednesday 4:30 PM, Thursday 12:00 PM, Thursday 3:30 PM, Friday 6:00 PM",6,1,0.8384864212035605,0.9455866586109054,0.892036539907233
129,27,Alex Cooper,alex.cooper@example.com,"OK, TN, RI",Marriage and Family Therapist,"Monday 12:00 PM, Monday 2:30 PM, Tuesday 3:00 PM, Tuesday 6:00 PM, Wednesday 8:30 AM, Wednesday 5:30 PM, Thursday 5:00 PM, Friday 9:30 AM",Kendall Martinez,kendall.martinez@sample.org,OK,"Counselor, Marriage and Family Therapist","Monday 12:30 PM, Tuesday 12:30 PM, Tuesday 1:00 PM, Tuesday 2:00 PM, Tuesday 2:30 PM, Tuesday 3:00 PM, Tuesday 3:30 PM, Wednesday 3:00 PM, Wednesday 3:30 PM, Wednesday 6:00 PM, Thursday 9:30 AM, Thursday 4:30 PM, Thursday 5:00 PM, Friday 11:30 AM, Friday 2:00 PM, Friday 3:00 PM, Friday 3:30 PM",6,2,0.8474849992747822,0.9307915151395209,0.8891382572071516
187,79,Emerson Reed,emerson.reed@example.com,WV,Marriage and Family Therapist,"Monday 5:00 PM, Monday 6:00 PM, Tuesday 9:00 AM, Tuesday 11:30 AM, Wednesday 1:00 PM, Thursday 9:00 AM, Thursday 5:30 PM",Sam Nguyen,sam.nguyen@example.com,WV,"Social Worker, Marriage and Family Therapist, Counselor","Monday 9:00 AM, Monday 12:30 PM, Monday 2:00 PM, Monday 4:30 PM, Monday 5:30 PM, Tuesday 9:00 AM, Tuesday 9:30 AM, Tuesday 11:00 AM, Tuesday 11:30 AM, Tuesday 4:00 PM, Tuesday 5:00 PM, Wednesday 8:30 AM, Wednesday 10:00 AM, Wednesday 6:00 PM, Thursday 8:30 AM, Thursday 11:00 AM, Friday 3:00 PM, Friday 4:00 PM",6,2,0.8351623330222724,0.9334799762027868,0.8843211546125296
35,67,Skyler Rivera,skyler.rivera@example.com,MN,Counselor,"Monday 10:30 AM, Monday 2:30 PM, Wednesday 8:00 AM, Wednesday 12:30 PM, Wednesday 2:30 PM, Thursday 12:30 PM, Thursday 3:30 PM, Thursday 5:30 PM, Friday 9:00 AM, Friday 2:00 PM, Friday 4:30 PM",Quinn Hernandez,quinn.hernandez@mail.net,"RI, MD, MN",Counselor,"Monday 2:30 PM, Monday 3:00 PM, Tuesday 11:30 AM, Tuesday 3:00 PM, Wednesday 9:00 AM, Wednesday 10:30 AM, Wednesday 5:30 PM, Thursday 12:00 PM, Thursday 1:00 PM, Friday 8:00 AM, Friday 2:30 PM, Friday 5:30 PM",6,1,0.7933517309465823,0.9530632155707729,0.8732074732586776
175,4,Peyton Ramirez,peyton.ramirez@example.com,MA,Social Worker,"Monday 12:30 PM, Tuesday 4:30 PM, Wednesday 9:30 AM, Wednesday 6:00 PM, Thursday 11:30 AM, Thursday 1:00 PM, Thursday 3:30 PM, Thursday 4:30 PM, Friday 8:00 AM, Friday 11:00 AM, Friday 4:00 PM, Friday 4:30 PM",Dakota Chen,dakota.chen@example.com,MA,"Marriage and Family Therapist, Social Worker","Monday 4:30 PM, Monday 5:00 PM, Tuesday 11:00 AM, Tuesday 1:00 PM, Tuesday 2:00 PM, Tuesday 5:30 PM, Wednesday 12:00 PM, Wednesday 4:00 PM, Thursday 8:00 AM, Thursday 12:30 PM, Thursday 5:30 PM, Thursday 6:00 PM, Friday 11:30 AM",6,0,0.7824169871258652,0.9635204646793118,0.8729687259025884
27,49,Casey Nguyen,casey.nguyen@mail.net,FL,Marriage and Family Therapist,"Monday 12:00 PM, Monday 5:00 PM, Tuesday 8:00 AM, Tuesday 2:30 PM, Tuesday 3:00 PM, Wednesday 1:30 PM, Wednesday 2:30 PM, Thursday 8:00 AM",Elliot Chen,elliot.chen@mail.net,FL,Marriage and Family Therapist,"Monday 8:00 AM, Monday 5:30 PM, Tuesday 2:30 PM, Tuesday 3:30 PM, Tuesday 4:30 PM, Wednesday 8:30 AM, Wednesday 3:30 PM, Wednesday 5:30 PM, Wednesday 6:00 PM, Thursday 8:30 AM, Thursday 10:30 AM, Thursday 1:30 PM, Thursday 2:00 PM, Friday 8:00 AM, Friday 12:00 PM, Friday 4:00 PM",6,1,0.7917362297395789,0.953311859550699,0.872524044645139
91,99,Finley Lee,finley.lee@mail.net,MN,Counselor,"Monday 10:00 AM, Monday 5:30 PM, Tuesday 1:00 PM, Tuesday 3:00 PM, Wednesday 3:30 PM, Thursday 3:30 PM, Thursday 4:00 PM",Jordan Ramirez,jordan.ramirez@mail.net,MN,"Counselor, Psychologist","Monday 11:00 AM, Monday 2:00 PM, Monday 2:30 PM, Monday 3:30 PM, Monday 5:00 PM, Monday 6:00 PM, Tuesday 12:30 PM, Tuesday 1:00 PM, Tuesday 2:30 PM, Tuesday 4:00 PM, Tuesday 5:30 PM, Wednesday 11:30 AM, Wednesday 1:30 PM, Wednesday 3:30 PM, Wednesday 4:30 PM, Thursday 12:00 PM, Thursday 3:30 PM, Friday 6:00 PM",6,3,0.8181111845685494,0.9223695115132358,0.8702403480408926
84,47,Elliot Reed,elliot.reed@sample.org,IL,Counselor,"Monday 2:30 PM, Monday 3:30 PM, Monday 5:30 PM, Tuesday 8:00 AM, Tuesday 5:30 PM, Wednesday 9:30 AM, Wednesday 1:00 PM, Wednesday 3:30 PM, Wednesday 4:30 PM, Thursday 10:30 AM, Thursday 1:30 PM, Friday 3:00 PM",Alex Bennett,alex.bennett@sample.org,IL,"Marriage and Family Therapist, Psychologist, Counselor","Monday 9:30 AM, Monday 11:00 AM, Monday 3:30 PM, Monday 4:00 PM, Tuesday 10:30 AM, Tuesday 12:30 PM, Tuesday 2:30 PM, Tuesday 3:30 PM, Wednesday 3:00 PM, Wednesday 6:00 PM, Thursday 11:30 AM, Thursday 3:00 PM, Thursday 4:30 PM, Friday 10:30 AM, Friday 11:00 AM, Friday 2:30 PM, Friday 5:00 PM",6,1,0.7851959583356254,0.9543057354791523,0.8697508469073889
117,27,Jamie Parker,jamie.parker@sample.org,OK,Marriage and Family Therapist,"Monday 8:30 AM, Monday 3:00 PM, Monday 5:00 PM, Monday 5:30 PM, Tuesday 3:00 PM, Wednesday 1:30 PM, Wednesday 4:00 PM, Thursday 9:30 AM, Thursday 2:00 PM, Thursday 4:00 PM, Friday 10:30 AM, Friday 4:00 PM",Kendall Martinez,kendall.martinez@sample.org,OK,"Counselor, Marriage and Family Therapist","Monday 12:30 PM, Tuesday 12:30 PM, Tuesday 1:00 PM, Tuesday 2:00 PM, Tuesday 2:30 PM, Tuesday 3:00 PM, Tuesday 3:30 PM, Wednesday 3:00 PM, Wednesday 3:30 PM, Wednesday 6:00 PM, Thursday 9:30 AM, Thursday 4:30 PM, Thursday 5:00 PM, Friday 11:30 AM, Friday 2:00 PM, Friday 3:00 PM, Friday 3:30 PM",6,2,0.794775140348123,0.9416252703573806,0.8682002053527518
107,95,Cameron Brown,cameron.brown@example.com,CO,Marriage and Family Therapist,"Monday 9:30 AM, Monday 11:00 AM, Monday 6:00 PM, Tuesday 8:00 AM, Wednesday 2:30 PM, Wednesday 5:30 PM, Thursday 3:00 PM, Thursday 3:30 PM, Thursday 6:00 PM, Friday 11:00 AM",Taylor Bennett,taylor.bennett@example.com,CO,Marriage and Family Therapist,"Monday 12:30 PM, Monday 4:00 PM, Tuesday 5:30 PM, Wednesday 9:00 AM, Wednesday 1:00 PM, Wednesday 3:30 PM, Wednesday 4:30 PM, Wednesday 5:30 PM, Thursday 9:30 AM, Thursday 10:00 AM, Thursday 1:00 PM, Thursday 5:30 PM, Friday 9:30 AM, Friday 11:30 AM, Friday 12:00 PM, Friday 3:00 PM",6,1,0.7735535350932228,0.9560252869044613,0.8647894109988421
99,114,Hayden Lopez,hayden.lopez@example.com,MS,Social Worker,"Monday 2:00 PM, Tuesday 4:30 PM, Tuesday 6:00 PM, Wednesday 8:30 AM, Wednesday 12:00 PM, Thursday 2:00 PM, Friday 8:00 AM, Friday 11:00 AM",Jamie Nguyen,jamie.nguyen@example.com,MS,"Counselor, Social Worker, Marriage and Family Therapist","Monday 3:30 PM, Monday 4:30 PM, Monday 5:30 PM, Monday 6:00 PM, Tuesday 11:30 AM, Tuesday 4:00 PM, Tuesday 5:00 PM, Wednesday 10:30 AM, Wednesday 12:30 PM, Wednesday 5:30 PM, Thursday 8:30 AM, Thursday 3:30 PM, Thursday 5:00 PM, Friday 9:30 AM, Friday 10:00 AM, Friday 11:00 AM, Friday 3:00 PM",6,1,0.7722413813215634,0.956215172809694,0.8642282770656287
22,29,Reese Jenkins,reese.jenkins@sample.org,MN,Psychologist,"Monday 1:00 PM, Tuesday 9:00 AM, Tuesday 4:00 PM, Wednesday 11:00 AM, Thursday 1:30 PM, Thursday 4:00 PM, Friday 8:00 AM, Friday 9:30 AM, Friday 3:00 PM",Peyton Jenkins,peyton.jenkins@sample.org,MN,"Psychologist, Counselor","Monday 9:30 AM, Tuesday 8:00 AM, Tuesday 11:30 AM, Tuesday 2:30 PM, Wednesday 8:30 AM, Wednesday 11:30 AM, Wednesday 12:30 PM, Wednesday 2:30 PM, Wednesday 4:30 PM, Wednesday 6:00 PM, Thursday 11:00 AM, Thursday 3:00 PM, Friday 8:30 AM, Friday 9:00 AM, Friday 12:00 PM, Friday 1:00 PM, Friday 1:30 PM, Friday 5:00 PM",6,0,0.7604237557357696,0.9660951316938924,0.863259443714831
121,54,Jamie Brooks,jamie.brooks@sample.org,NY,Social Worker,"Monday 4:30 PM, Tuesday 12:00 PM, Tuesday 2:30 PM, Tuesday 4:30 PM, Tuesday 6:00 PM, Wednesday 1:30 PM, Wednesday 3:00 PM, Thursday 3:00 PM, Thursday 5:30 PM, Friday 12:30 PM, Friday 1:30 PM, Friday 3:30 PM",Elliot Rivera,elliot.rivera@mail.net,NY,"Counselor, Social Worker, Psychologist","Monday 8:30 AM, Monday 12:30 PM, Monday 6:00 PM, Tuesday 1:30 PM, Tuesday 3:30 PM, Wednesday 9:00 AM, Wednesday 3:00 PM, Wednesday 4:00 PM, Wednesday 4:30 PM, Thursday 11:00 AM, Thursday 2:00 PM, Friday 8:30 AM, Friday 9:00 AM, Friday 5:00 PM",5,1,0.8071787057221312,0.9114310565320889,0.85930488112711
86,107,Logan Hernandez,logan.hernandez@example.com,KS,Marriage and Family Therapist,"Monday 9:30 AM, Monday 11:00 AM, Tuesday 8:30 AM, Tuesday 2:00 PM, Tuesday 4:30 PM, Wednesday 12:30 PM, Thursday 9:00 AM, Friday 9:00 AM, Friday 6:00 PM",Kendall Bennett,kendall.bennett@mail.net,KS,"Marriage and Family Therapist, Social Worker","Monday 3:30 PM, Tuesday 10:30 AM, Tuesday 3:00 PM, Tuesday 3:30 PM, Tuesday 5:30 PM, Wednesday 9:00 AM, Wednesday 5:30 PM, Wednesday 6:00 PM, Thursday 12:00 PM, Friday 10:00 AM, Friday 11:00 AM, Friday 12:00 PM, Friday 3:00 PM, Friday 4:30 PM",6,0,0.7511205934435853,0.9671306555243906,0.859125624483988
131,63,Jamie Bailey,jamie.bailey@mail.net,MA,Counselor,"Monday 9:30 AM, Monday 10:00 AM, Tuesday 2:00 PM, Tuesday 4:00 PM, Wednesday 11:30 AM, Wednesday 12:30 PM, Wednesday 1:30 PM, Thursday 8:00 AM, Thursday 1:30 PM, Thursday 6:00 PM, Friday 1:00 PM",Riley Ramirez,riley.ramirez@example.com,"PA, MA",Counselor,"Monday 11:00 AM, Monday 12:00 PM, Monday 3:00 PM, Monday 4:00 PM, Wednesday 10:00 AM, Wednesday 1:30 PM, Wednesday 3:30 PM, Wednesday 5:00 PM, Thursday 9:00 AM, Thursday 10:00 AM, Thursday 2:00 PM, Friday 1:00 PM, Friday 1:30 PM, Friday 3:30 PM",6,2,0.770065317540019,0.946137635452722,0.8581014764963705
108,47,Alex Nguyen,alex.nguyen@example.com,IL,Psychologist,"Monday 11:00 AM, Monday 2:00 PM, Tuesday 12:30 PM, Tuesday 2:00 PM, Tuesday 3:30 PM, Tuesday 4:30 PM, Thursday 11:00 AM, Thursday 11:30 AM, Friday 8:00 AM, Friday 12:00 PM, Friday 12:30 PM",Alex Bennett,alex.bennett@sample.org,IL,"Marriage and Family Therapist, Psychologist, Counselor","Monday 9:30 AM, Monday 11:00 AM, Monday 3:30 PM, Monday 4:00 PM, Tuesday 10:30 AM, Tuesday 12:30 PM, Tuesday 2:30 PM, Tuesday 3:30 PM, Wednesday 3:00 PM, Wednesday 6:00 PM, Thursday 11:30 AM, Thursday 3:00 PM, Thursday 4:30 PM, Friday 10:30 AM, Friday 11:00 AM, Friday 2:30 PM, Friday 5:00 PM",6,4,0.8081936456220083,0.9075389354951615,0.857866290558585
4,28,Sam Martinez,sam.martinez@mail.net,IA,Marriage and Family Therapist,"Monday 11:30 AM, Monday 4:30 PM, Monday 5:00 PM, Tuesday 1:00 PM, Wednesday 11:30 AM, Wednesday 1:00 PM, Wednesday 1:30 PM, Wednesday 4:30 PM, Thursday 10:00 AM, Thursday 12:00 PM, Friday 11:00 AM, Friday 5:30 PM",Taylor Lee,taylor.lee@example.com,IA,"Counselor, Marriage and Family Therapist","Monday 9:00 AM, Monday 11:30 AM, Monday 12:00 PM, Tuesday 10:30 AM, Wednesday 8:00 AM, Wednesday 11:30 AM, Wednesday 1:00 PM, Wednesday 1:30 PM, Wednesday 4:30 PM, Thursday 11:00 AM, Thursday 1:30 PM, Friday 10:30 AM, Friday 3:00 PM",6,5,0.8371731119591245,0.876396993521695,0.8567850527404097
24,48,Riley Patel,riley.patel@sample.org,CO,Social Worker,"Monday 1:30 PM, Monday 2:30 PM, Monday 4:00 PM, Tuesday 9:00 AM, Tuesday 2:30 PM, Wednesday 10:00 AM, Wednesday 3:00 PM, Friday 2:30 PM",Riley Reed,riley.reed@example.com,CO,Social Worker,"Monday 3:30 PM, Monday 5:00 PM, Monday 5:30 PM, Tuesday 1:00 PM, Tuesday 2:30 PM, Tuesday 4:00 PM, Wednesday 11:30 AM, Wednesday 1:30 PM, Wednesday 4:00 PM, Wednesday 5:00 PM, Wednesday 5:30 PM, Thursday 8:00 AM, Thursday 9:00 AM, Thursday 11:30 AM, Thursday 5:30 PM, Friday 11:00 AM, Friday 11:30 AM",6,1,0.7541951738075433,0.958748547740313,0.8564718607739281
192,105,Casey Gonzalez,casey.gonzalez@sample.org,WA,Marriage and Family Therapist,"Monday 2:30 PM, Tuesday 8:30 AM, Tuesday 5:00 PM, Wednesday 9:30 AM, Wednesday 3:30 PM, Wednesday 4:30 PM, Wednesday 6:00 PM, Thursday 11:30 AM, Friday 3:30 PM",Hayden Wilson,hayden.wilson@example.com,WA,"Psychologist, Social Worker, Marriage and Family Therapist","Monday 9:00 AM, Monday 3:00 PM, Monday 5:30 PM, Tuesday 9:30 AM, Tuesday 5:30 PM, Wednesday 1:00 PM, Wednesday 1:30 PM, Wednesday 3:00 PM, Thursday 1:00 PM, Friday 10:30 AM",5,0,0.7778371660383635,0.9344832651087399,0.8561602155735517
97,47,Peyton Lopez,peyton.lopez@mail.net,"OR, GA, IL",Psychologist,"Monday 9:00 AM, Monday 10:00 AM, Monday 11:30 AM, Monday 1:30 PM, Tuesday 8:30 AM, Tuesday 11:30 AM, Tuesday 12:00 PM, Tuesday 5:00 PM, Wednesday 6:00 PM, Thursday 3:00 PM",Alex Bennett,alex.bennett@sample.org,IL,"Marriage and Family Therapist, Psychologist, Counselor","Monday 9:30 AM, Monday 11:00 AM, Monday 3:30 PM, Monday 4:00 PM, Tuesday 10:30 AM, Tuesday 12:30 PM, Tuesday 2:30 PM, Tuesday 3:30 PM, Wednesday 3:00 PM, Wednesday 6:00 PM, Thursday 11:30 AM, Thursday 3:00 PM, Thursday 4:30 PM, Friday 10:30 AM, Friday 11:00 AM, Friday 2:30 PM, Friday 5:00 PM",6,2,0.7600742118250661,0.947867118459418,0.8539706651422421
133,27,Casey Parker,casey.parker@example.com,OK,Counselor,"Monday 2:00 PM, Monday 4:00 PM, Tuesday 2:00 PM, Wednesday 5:00 PM, Thursday 12:00 PM, Friday 12:00 PM, Friday 1:00 PM, Friday 5:30 PM",Kendall Martinez,kendall.martinez@sample.org,OK,"Counselor, Marriage and Family Therapist","Monday 12:30 PM, Tuesday 12:30 PM, Tuesday 1:00 PM, Tuesday 2:00 PM, Tuesday 2:30 PM, Tuesday 3:00 PM, Tuesday 3:30 PM, Wednesday 3:00 PM, Wednesday 3:30 PM, Wednesday 6:00 PM, Thursday 9:30 AM, Thursday 4:30 PM, Thursday 5:00 PM, Friday 11:30 AM, Friday 2:00 PM, Friday 3:00 PM, Friday 3:30 PM",6,1,0.7474249497092837,0.959662306255531,0.8535436279824073
81,117,Skyler Chen,skyler.chen@mail.net,IN,Counselor,"Monday 10:30 AM, Monday 11:30 AM, Monday 1:30 PM, Monday 5:00 PM, Tuesday 12:00 PM, Tuesday 3:00 PM, Wednesday 6:00 PM, Thursday 9:30 AM, Friday 11:30 AM",Sam Hernandez,sam.hernandez@mail.net,"AL, WV, IN","Social Worker, Psychologist, Counselor","Monday 10:00 AM, Monday 11:30 AM, Monday 12:00 PM, Monday 4:30 PM, Tuesday 9:00 AM, Tuesday 3:30 PM, Wednesday 10:30 AM, Wednesday 1:00 PM, Wednesday 1:30 PM, Wednesday 5:00 PM, Thursday 11:00 AM, Thursday 5:30 PM, Friday 10:30 AM, Friday 12:30 PM, Friday 3:00 PM",5,1,0.7886918439704865,0.9164453506550054,0.8525685973127459
30,63,Elliot Kim,elliot.kim@mail.net,MA,Counselor,"Tuesday 8:30 AM, Tuesday 4:00 PM, Tuesday 5:30 PM, Wednesday 12:00 PM, Wednesday 6:00 PM, Thursday 1:00 PM, Thursday 5:00 PM, Friday 10:00 AM, Friday 1:00 PM",Riley Ramirez,riley.ramirez@example.com,"PA, MA",Counselor,"Monday 11:00 AM, Monday 12:00 PM, Monday 3:00 PM, Monday 4:00 PM, Wednesday 10:00 AM, Wednesday 1:30 PM, Wednesday 3:30 PM, Wednesday 5:00 PM, Thursday 9:00 AM, Thursday 10:00 AM, Thursday 2:00 PM, Friday 1:00 PM, Friday 1:30 PM, Friday 3:30 PM",6,1,0.7447107701926755,0.9600231604701983,0.852366965331437
16,108,Quinn Cooper,quinn.cooper@sample.org,MT,Psychologist,"Monday 10:00 AM, Monday 1:00 PM, Monday 1:30 PM, Tuesday 11:30 AM, Tuesday 1:00 PM, Tuesday 4:30 PM, Thursday 6:00 PM, Friday 9:30 AM, Friday 10:30 AM, Friday 2:30 PM",Skyler Cooper,skyler.cooper@sample.org,MT,"Counselor, Psychologist","Monday 1:00 PM, Tuesday 11:00 AM, Tuesday 1:30 PM, Tuesday 3:30 PM, Wednesday 9:00 AM, Wednesday 3:00 PM, Wednesday 5:30 PM, Thursday 6:00 PM, Friday 11:30 AM, Friday 1:30 PM",6,2,0.7550286941555064,0.9487204422702051,0.8518745682128558
132,47,Morgan Clark,morgan.clark@mail.net,IL,Marriage and Family Therapist,"Tuesday 11:30 AM, Tuesday 4:30 PM, Wednesday 9:30 AM, Wednesday 5:00 PM, Thursday 8:30 AM, Thursday 10:30 AM, Thursday 5:00 PM, Friday 8:30 AM, Friday 9:30 AM, Friday 11:30 AM, Friday 4:00 PM",Alex Bennett,alex.bennett@sample.org,IL,"Marriage and Family Therapist, Psychologist, Counselor","Monday 9:30 AM, Monday 11:00 AM, Monday 3:30 PM, Monday 4:00 PM, Tuesday 10:30 AM, Tuesday 12:30 PM, Tuesday 2:30 PM, Tuesday 3:30 PM, Wednesday 3:00 PM, Wednesday 6:00 PM, Thursday 11:30 AM, Thursday 3:00 PM, Thursday 4:30 PM, Friday 10:30 AM, Friday 11:00 AM, Friday 2:30 PM, Friday 5:00 PM",6,0,0.7344342729235342,0.9689119244217357,0.851673098672635
122,117,Drew Reed,drew.reed@example.com,IN,Psychologist,"Monday 11:30 AM, Monday 12:00 PM, Monday 6:00 PM, Tuesday 5:00 PM, Wednesday 10:30 AM, Wednesday 6:00 PM, Thursday 9:00 AM, Thursday 9:30 AM, Friday 11:00 AM, Friday 2:30 PM, Friday 4:30 PM",Sam Hernandez,sam.hernandez@mail.net,"AL, WV, IN","Social Worker, Psychologist, Counselor","Monday 10:00 AM, Monday 11:30 AM, Monday 12:00 PM, Monday 4:30 PM, Tuesday 9:00 AM, Tuesday 3:30 PM, Wednesday 10:30 AM, Wednesday 1:00 PM, Wednesday 1:30 PM, Wednesday 5:00 PM, Thursday 11:00 AM, Thursday 5:30 PM, Friday 10:30 AM, Friday 12:30 PM, Friday 3:00 PM",5,3,0.8555189780147493,0.8473548141365804,0.8514368960756649
20,118,Logan Patel,logan.patel@example.com,MO,Marriage and Family Therapist,"Monday 1:00 PM, Monday 4:30 PM, Thursday 8:30 AM, Friday 10:00 AM, Friday 12:00 PM, Friday 1:00 PM, Friday 1:30 PM, Friday 2:00 PM, Friday 4:30 PM",Drew Cooper,drew.cooper@sample.org,MO,"Social Worker, Marriage and Family Therapist","Monday 8:00 AM, Monday 9:00 AM, Monday 3:30 PM, Monday 4:00 PM, Monday 4:30 PM, Tuesday 8:30 AM, Tuesday 11:30 AM, Tuesday 4:30 PM, Wednesday 9:00 AM, Wednesday 12:00 PM, Wednesday 4:30 PM, Thursday 10:00 AM, Thursday 10:30 AM, Thursday 6:00 PM, Friday 9:00 AM, Friday 12:00 PM, Friday 12:30 PM, Friday 2:00 PM",6,3,0.767816542551954,0.93391646113889,0.850866501845422
157,75,Jordan Bennett,jordan.bennett@example.com,NH,Psychologist,"Monday 3:30 PM, Tuesday 5:30 PM, Wednesday 3:30 PM, Thursday 8:00 AM, Thursday 6:00 PM, Friday 1:30 PM",Jordan Moore,jordan.moore@mail.net,NH,"Marriage and Family Therapist, Psychologist, Counselor","Monday 11:30 AM, Monday 12:00 PM, Monday 12:30 PM, Tuesday 3:00 PM, Tuesday 4:30 PM, Wednesday 9:30 AM, Wednesday 3:00 PM, Wednesday 5:00 PM, Thursday 8:30 AM, Thursday 2:00 PM, Thursday 4:30 PM, Friday 4:30 PM",5,0,0.7639848724083057,0.9373485822348442,0.8506667273215749
160,66,Hayden Nguyen,hayden.nguyen@mail.net,TX,Marriage and Family Therapist,"Monday 8:00 AM, Monday 2:00 PM, Monday 3:00 PM, Tuesday 11:30 AM, Wednesday 8:30 AM, Wednesday 9:30 AM, Wednesday 3:30 PM, Thursday 5:00 PM, Friday 8:00 AM, Friday 2:30 PM, Friday 5:00 PM",Drew Clark,drew.clark@sample.org,TX,"Marriage and Family Therapist, Social Worker","Monday 11:30 AM, Monday 12:00 PM, Monday 1:00 PM, Monday 1:30 PM, Monday 2:00 PM, Monday 3:30 PM, Monday 4:00 PM, Wednesday 8:00 AM, Wednesday 10:30 AM, Wednesday 1:00 PM, Wednesday 2:30 PM, Thursday 12:00 PM, Thursday 2:00 PM, Friday 8:30 AM, Friday 1:00 PM, Friday 1:30 PM, Friday 5:30 PM",5,1,0.7763843901240304,0.919639110821291,0.8480117504726608
15,26,Alex Gonzalez,alex.gonzalez@example.com,VT,Psychologist,"Monday 2:00 PM, Monday 2:30 PM, Monday 5:30 PM, Tuesday 8:30 AM, Tuesday 9:30 AM, Tuesday 12:30 PM, Tuesday 1:30 PM, Tuesday 2:30 PM, Wednesday 9:30 AM, Thursday 10:00 AM, Thursday 4:00 PM, Friday 6:00 PM",Cameron Patel,cameron.patel@example.com,VT,"Psychologist, Social Worker, Marriage and Family Therapist","Monday 4:30 PM, Tuesday 5:30 PM, Wednesday 3:00 PM, Wednesday 4:00 PM, Wednesday 4:30 PM, Thursday 10:00 AM, Thursday 12:00 PM, Thursday 2:30 PM, Friday 8:30 AM, Friday 2:00 PM, Friday 5:00 PM",6,1,0.7339955867040556,0.9614177646812538,0.8477066756926548
34,26,Cameron Kim,cameron.kim@mail.net,VT,Psychologist,"Monday 10:00 AM, Monday 1:00 PM, Monday 2:30 PM, Wednesday 10:00 AM, Thursday 10:30 AM, Thursday 2:30 PM, Thursday 5:00 PM, Friday 10:30 AM, Friday 4:30 PM, Friday 5:30 PM",Cameron Patel,cameron.patel@example.com,VT,"Psychologist, Social Worker, Marriage and Family Therapist","Monday 4:30 PM, Tuesday 5:30 PM, Wednesday 3:00 PM, Wednesday 4:00 PM, Wednesday 4:30 PM, Thursday 10:00 AM, Thursday 12:00 PM, Thursday 2:30 PM, Friday 8:30 AM, Friday 2:00 PM, Friday 5:00 PM",6,1,0.7339493810658796,0.9614236761358275,0.8476865286008535
161,114,Harper Davis,harper.davis@sample.org,MS,Social Worker,"Monday 4:30 PM, Tuesday 8:00 AM, Thursday 8:00 AM, Friday 11:30 AM, Friday 12:00 PM, Friday 1:30 PM",Jamie Nguyen,jamie.nguyen@example.com,MS,"Counselor, Social Worker, Marriage and Family Therapist","Monday 3:30 PM, Monday 4:30 PM, Monday 5:30 PM, Monday 6:00 PM, Tuesday 11:30 AM, Tuesday 4:00 PM, Tuesday 5:00 PM, Wednesday 10:30 AM, Wednesday 12:30 PM, Wednesday 5:30 PM, Thursday 8:30 AM, Thursday 3:30 PM, Thursday 5:00 PM, Friday 9:30 AM, Friday 10:00 AM, Friday 11:00 AM, Friday 3:00 PM",6,1,0.7337859037011827,0.9614445841159124,0.8476152439085476
104,107,Rowan Lee,rowan.lee@sample.org,"KS, VT",Social Worker,"Monday 8:00 AM, Monday 11:00 AM, Monday 2:30 PM, Tuesday 1:30 PM, Wednesday 11:30 AM, Wednesday 3:00 PM, Friday 12:00 PM, Friday 4:00 PM",Kendall Bennett,kendall.bennett@mail.net,KS,"Marriage and Family Therapist, Social Worker","Monday 3:30 PM, Tuesday 10:30 AM, Tuesday 3:00 PM, Tuesday 3:30 PM, Tuesday 5:30 PM, Wednesday 9:00 AM, Wednesday 5:30 PM, Wednesday 6:00 PM, Thursday 12:00 PM, Friday 10:00 AM, Friday 11:00 AM, Friday 12:00 PM, Friday 3:00 PM, Friday 4:30 PM",6,1,0.7333681359912733,0.9614979652198175,0.8474330506055454
32,92,Drew Garcia,drew.garcia@mail.net,"VA, IN, NH",Marriage and Family Therapist,"Monday 12:00 PM, Monday 4:30 PM, Tuesday 12:30 PM, Tuesday 1:30 PM, Tuesday 4:30 PM, Wednesday 1:00 PM, Thursday 8:00 AM, Thursday 5:00 PM, Friday 9:00 AM, Friday 10:00 AM, Friday 4:30 PM, Friday 6:00 PM",Rowan Patel,rowan.patel@mail.net,NH,"Marriage and Family Therapist, Counselor","Monday 9:30 AM, Monday 3:00 PM, Monday 4:30 PM, Tuesday 1:00 PM, Tuesday 3:00 PM, Tuesday 5:30 PM, Wednesday 10:00 AM, Wednesday 12:00 PM, Thursday 10:00 AM, Thursday 1:00 PM, Thursday 6:00 PM",5,1,0.7737699038513441,0.9203030632474687,0.8470364835494064
177,117,Morgan Davis,morgan.davis@sample.org,IN,Psychologist,"Monday 8:30 AM, Monday 3:00 PM, Tuesday 12:30 PM, Wednesday 9:00 AM, Wednesday 3:30 PM, Thursday 3:30 PM, Thursday 5:30 PM, Thursday 6:00 PM, Friday 8:30 AM, Friday 2:00 PM",Sam Hernandez,sam.hernandez@mail.net,"AL, WV, IN","Social Worker, Psychologist, Counselor","Monday 10:00 AM, Monday 11:30 AM, Monday 12:00 PM, Monday 4:30 PM, Tuesday 9:00 AM, Tuesday 3:30 PM, Wednesday 10:30 AM, Wednesday 1:00 PM, Wednesday 1:30 PM, Wednesday 5:00 PM, Thursday 11:00 AM, Thursday 5:30 PM, Friday 10:30 AM, Friday 12:30 PM, Friday 3:00 PM",5,1,0.7724326574221428,0.9206407187456361,0.8465366880838895
96,43,Casey Kim,casey.kim@example.com,IA,Psychologist,"Tuesday 8:30 AM, Tuesday 12:30 PM, Tuesday 5:30 PM, Wednesday 9:30 AM, Thursday 2:00 PM, Friday 10:30 AM, Friday 1:00 PM, Friday 5:30 PM",Harper Ramirez,harper.ramirez@sample.org,IA,"Counselor, Psychologist, Social Worker","Monday 11:30 AM, Monday 3:30 PM, Tuesday 8:00 AM, Tuesday 3:30 PM, Tuesday 5:00 PM, Wednesday 3:00 PM, Wednesday 4:30 PM, Thursday 12:30 PM, Thursday 2:30 PM, Friday 1:30 PM, Friday 4:30 PM",5,0,0.7535440014837147,0.9394305177199629,0.8464872596018388
75,117,Sam Kim,sam.kim@example.com,AL,Social Worker,"Monday 8:30 AM, Monday 10:00 AM, Monday 10:30 AM, Monday 5:30 PM, Tuesday 8:30 AM, Tuesday 1:00 PM, Wednesday 10:00 AM, Wednesday 11:30 AM, Wednesday 5:00 PM, Thursday 11:30 AM, Friday 11:30 AM, Friday 5:00 PM",Sam Hernandez,sam.hernandez@mail.net,"AL, WV, IN","Social Worker, Psychologist, Counselor","Monday 10:00 AM, Monday 11:30 AM, Monday 12:00 PM, Monday 4:30 PM, Tuesday 9:00 AM, Tuesday 3:30 PM, Wednesday 10:30 AM, Wednesday 1:00 PM, Wednesday 1:30 PM, Wednesday 5:00 PM, Thursday 11:00 AM, Thursday 5:30 PM, Friday 10:30 AM, Friday 12:30 PM, Friday 3:00 PM",5,2,0.7848341043166057,0.8987181819137557,0.8417761431151807
21,5,Morgan Brown,morgan.brown@sample.org,NV,Counselor,"Monday 9:30 AM, Monday 12:30 PM, Tuesday 2:30 PM, Tuesday 6:00 PM, Wednesday 8:30 AM, Wednesday 12:00 PM, Thursday 2:30 PM, Thursday 3:00 PM, Thursday 3:30 PM, Thursday 5:00 PM, Friday 3:00 PM, Friday 3:30 PM",Hayden Moore,hayden.moore@sample.org,NV,"Psychologist, Counselor, Social Worker","Monday 11:00 AM, Monday 1:30 PM, Monday 3:00 PM, Monday 5:30 PM, Monday 6:00 PM, Wednesday 2:00 PM, Thursday 8:00 AM, Thursday 9:00 AM, Thursday 4:30 PM, Friday 9:30 AM, Friday 2:00 PM, Friday 4:30 PM",5,0,0.7408056593079371,0.9418829063987958,0.8413442828533664
153,54,Finley Bailey,finley.bailey@example.com,NY,Social Worker,"Monday 8:30 AM, Monday 10:30 AM, Monday 12:00 PM, Tuesday 2:00 PM, Tuesday 5:30 PM, Wednesday 3:00 PM, Thursday 6:00 PM, Friday 9:00 AM, Friday 11:00 AM",Elliot Rivera,elliot.rivera@mail.net,NY,"Counselor, Social Worker, Psychologist","Monday 8:30 AM, Monday 12:30 PM, Monday 6:00 PM, Tuesday 1:30 PM, Tuesday 3:30 PM, Wednesday 9:00 AM, Wednesday 3:00 PM, Wednesday 4:00 PM, Wednesday 4:30 PM, Thursday 11:00 AM, Thursday 2:00 PM, Friday 8:30 AM, Friday 9:00 AM, Friday 5:00 PM",5,3,0.8193403652898038,0.8628060677134326,0.8410732165016181
109,54,Casey Moore,casey.moore@sample.org,NY,Counselor,"Monday 8:00 AM, Monday 1:30 PM, Tuesday 4:00 PM, Wednesday 10:00 AM, Wednesday 2:00 PM, Friday 8:00 AM",Elliot Rivera,elliot.rivera@mail.net,NY,"Counselor, Social Worker, Psychologist","Monday 8:30 AM, Monday 12:30 PM, Monday 6:00 PM, Tuesday 1:30 PM, Tuesday 3:30 PM, Wednesday 9:00 AM, Wednesday 3:00 PM, Wednesday 4:00 PM, Wednesday 4:30 PM, Thursday 11:00 AM, Thursday 2:00 PM, Friday 8:30 AM, Friday 9:00 AM, Friday 5:00 PM",5,0,0.7350811034830236,0.9429543948267639,0.8390177491548938
168,70,Drew Nguyen,drew.nguyen@mail.net,TX,Psychologist,"Monday 8:30 AM, Monday 9:30 AM, Monday 2:30 PM, Monday 5:00 PM, Tuesday 3:30 PM, Wednesday 11:00 AM, Wednesday 2:00 PM, Thursday 9:30 AM, Thursday 10:30 AM, Friday 1:30 PM, Friday 5:30 PM",Casey Bailey,casey.bailey@example.com,TX,"Psychologist, Marriage and Family Therapist","Monday 10:30 AM, Monday 3:00 PM, Tuesday 11:00 AM, Tuesday 11:30 AM, Tuesday 2:30 PM, Tuesday 3:30 PM, Tuesday 5:00 PM, Wednesday 9:00 AM, Wednesday 1:30 PM, Wednesday 2:30 PM, Wednesday 6:00 PM, Thursday 9:00 AM, Thursday 10:00 AM, Thursday 2:00 PM, Friday 8:30 AM, Friday 9:00 AM, Friday 2:00 PM",6,1,0.7129041417366058,0.9640275999898827,0.8384658708632442
98,87,Quinn Ramirez,quinn.ramirez@mail.net,MI,Counselor,"Monday 9:00 AM, Monday 11:30 AM, Monday 4:00 PM, Monday 5:00 PM, Tuesday 8:30 AM, Tuesday 6:00 PM, Wednesday 8:30 AM, Thursday 2:00 PM, Friday 11:00 AM, Friday 11:30 AM, Friday 3:30 PM, Friday 5:00 PM",Alex Wilson,alex.wilson@example.com,MI,"Counselor, Marriage and Family Therapist, Psychologist","Monday 10:00 AM, Monday 10:30 AM, Monday 12:00 PM, Monday 4:30 PM, Tuesday 9:00 AM, Tuesday 10:00 AM, Tuesday 4:00 PM, Tuesday 5:00 PM, Tuesday 5:30 PM, Wednesday 12:00 PM, Wednesday 4:00 PM, Thursday 9:00 AM, Thursday 4:30 PM, Friday 11:30 AM, Friday 3:30 PM, Friday 4:30 PM, Friday 5:30 PM",6,2,0.7216107554999958,0.9540468640527683,0.837828809776382
181,26,Harper Brown,harper.brown@example.com,VT,Psychologist,"Monday 9:30 AM, Monday 10:00 AM, Monday 12:30 PM, Monday 1:30 PM, Monday 5:30 PM, Wednesday 8:00 AM, Wednesday 4:00 PM, Friday 9:30 AM, Friday 11:30 AM, Friday 1:30 PM, Friday 6:00 PM",Cameron Patel,cameron.patel@example.com,VT,"Psychologist, Social Worker, Marriage and Family Therapist","Monday 4:30 PM, Tuesday 5:30 PM, Wednesday 3:00 PM, Wednesday 4:00 PM, Wednesday 4:30 PM, Thursday 10:00 AM, Thursday 12:00 PM, Thursday 2:30 PM, Friday 8:30 AM, Friday 2:00 PM, Friday 5:00 PM",6,1,0.7110808046504163,0.9642450656165013,0.8376629351334588
100,105,Elliot Martinez,elliot.martinez@example.com,WA,Psychologist,"Tuesday 8:30 AM, Tuesday 11:30 AM, Tuesday 5:30 PM, Wednesday 9:30 AM, Wednesday 6:00 PM, Thursday 12:00 PM, Thursday 3:30 PM, Thursday 5:00 PM, Thursday 6:00 PM, Friday 10:00 AM, Friday 11:00 AM, Friday 4:00 PM",Hayden Wilson,hayden.wilson@example.com,WA,"Psychologist, Social Worker, Marriage and Family Therapist","Monday 9:00 AM, Monday 3:00 PM, Monday 5:30 PM, Tuesday 9:30 AM, Tuesday 5:30 PM, Wednesday 1:00 PM, Wednesday 1:30 PM, Wednesday 3:00 PM, Thursday 1:00 PM, Friday 10:30 AM",5,1,0.7422358755566539,0.9279249160890337,0.8350803958228439
150,75,Taylor Brown,taylor.brown@example.com,NH,Marriage and Family Therapist,"Monday 1:30 PM, Monday 3:00 PM, Tuesday 9:00 AM, Tuesday 2:30 PM, Wednesday 8:30 AM, Wednesday 10:30 AM, Wednesday 11:30 AM, Wednesday 12:30 PM, Wednesday 4:00 PM, Friday 10:00 AM, Friday 6:00 PM",Jordan Moore,jordan.moore@mail.net,NH,"Marriage and Family Therapist, Psychologist, Counselor","Monday 11:30 AM, Monday 12:00 PM, Monday 12:30 PM, Tuesday 3:00 PM, Tuesday 4:30 PM, Wednesday 9:30 AM, Wednesday 3:00 PM, Wednesday 5:00 PM, Thursday 8:30 AM, Thursday 2:00 PM, Thursday 4:30 PM, Friday 4:30 PM",5,0,0.7232849983251024,0.9451040402364687,0.8341945192807856
36,28,Reese Garcia,reese.garcia@example.com,IA,Counselor,"Monday 5:30 PM, Wednesday 10:30 AM, Wednesday 12:00 PM, Wednesday 4:30 PM, Thursday 8:30 AM, Thursday 2:00 PM, Friday 9:00 AM, Friday 10:00 AM, Friday 3:00 PM",Taylor Lee,taylor.lee@example.com,IA,"Counselor, Marriage and Family Therapist","Monday 9:00 AM, Monday 11:30 AM, Monday 12:00 PM, Tuesday 10:30 AM, Wednesday 8:00 AM, Wednesday 11:30 AM, Wednesday 1:00 PM, Wednesday 1:30 PM, Wednesday 4:30 PM, Thursday 11:00 AM, Thursday 1:30 PM, Friday 10:30 AM, Friday 3:00 PM",6,2,0.7120032736476546,0.9554780663984885,0.8337406700230716
39,22,Jordan Chen,jordan.chen@sample.org,VA,Social Worker,"Monday 2:30 PM, Tuesday 8:00 AM, Wednesday 8:30 AM, Thursday 5:30 PM, Friday 9:00 AM, Friday 5:00 PM",Casey Bennett,casey.bennett@example.com,VA,"Social Worker, Marriage and Family Therapist","Monday 12:00 PM, Monday 3:30 PM, Tuesday 10:00 AM, Tuesday 4:30 PM, Tuesday 5:00 PM, Tuesday 5:30 PM, Tuesday 6:00 PM, Wednesday 8:00 AM, Wednesday 10:00 AM, Wednesday 1:00 PM, Wednesday 2:30 PM, Thursday 8:30 AM, Thursday 4:00 PM, Friday 8:00 AM, Friday 8:30 AM, Friday 9:30 AM, Friday 12:00 PM, Friday 1:00 PM",4,0,0.785369491937978,0.8807713962967684,0.8330704441173732
185,117,Peyton Garcia,peyton.garcia@mail.net,WV,Psychologist,"Monday 8:30 AM, Monday 5:00 PM, Tuesday 4:00 PM, Tuesday 4:30 PM, Wednesday 10:30 AM, Thursday 11:00 AM, Thursday 5:00 PM, Thursday 5:30 PM, Friday 9:00 AM, Friday 12:30 PM, Friday 4:30 PM, Friday 5:00 PM",Sam Hernandez,sam.hernandez@mail.net,"AL, WV, IN","Social Worker, Psychologist, Counselor","Monday 10:00 AM, Monday 11:30 AM, Monday 12:00 PM, Monday 4:30 PM, Tuesday 9:00 AM, Tuesday 3:30 PM, Wednesday 10:30 AM, Wednesday 1:00 PM, Wednesday 1:30 PM, Wednesday 5:00 PM, Thursday 11:00 AM, Thursday 5:30 PM, Friday 10:30 AM, Friday 12:30 PM, Friday 3:00 PM",5,4,0.8441547248300444,0.8217071522713334,0.8329309385506889
58,5,Skyler Brooks,skyler.brooks@sample.org,NV,Counselor,"Monday 1:00 PM, Monday 1:30 PM, Monday 4:00 PM, Monday 6:00 PM, Tuesday 1:30 PM, Tuesday 3:00 PM, Tuesday 4:30 PM, Wednesday 10:00 AM, Wednesday 10:30 AM, Thursday 6:00 PM, Friday 8:30 AM",Hayden Moore,hayden.moore@sample.org,NV,"Psychologist, Counselor, Social Worker","Monday 11:00 AM, Monday 1:30 PM, Monday 3:00 PM, Monday 5:30 PM, Monday 6:00 PM, Wednesday 2:00 PM, Thursday 8:00 AM, Thursday 9:00 AM, Thursday 4:30 PM, Friday 9:30 AM, Friday 2:00 PM, Friday 4:30 PM",5,2,0.758839562795517,0.9065928653886793,0.8327162140920982
52,67,Peyton Wilson,peyton.wilson@sample.org,RI,Counselor,"Monday 2:00 PM, Tuesday 2:30 PM, Tuesday 4:00 PM, Thursday 9:00 AM, Thursday 1:00 PM, Friday 9:00 AM, Friday 11:00 AM, Friday 6:00 PM",Quinn Hernandez,quinn.hernandez@mail.net,"RI, MD, MN",Counselor,"Monday 2:30 PM, Monday 3:00 PM, Tuesday 11:30 AM, Tuesday 3:00 PM, Wednesday 9:00 AM, Wednesday 10:30 AM, Wednesday 5:30 PM, Thursday 12:00 PM, Thursday 1:00 PM, Friday 8:00 AM, Friday 2:30 PM, Friday 5:30 PM",6,1,0.6996201202327585,0.9655832383960068,0.8326016793143827
128,118,Cameron Brooks,cameron.brooks@sample.org,MO,Marriage and Family Therapist,"Tuesday 11:00 AM, Tuesday 1:30 PM, Tuesday 4:30 PM, Wednesday 12:00 PM, Wednesday 4:30 PM, Thursday 9:30 AM, Thursday 1:30 PM, Thursday 4:00 PM, Friday 9:00 AM",Drew Cooper,drew.cooper@sample.org,MO,"Social Worker, Marriage and Family Therapist","Monday 8:00 AM, Monday 9:00 AM, Monday 3:30 PM, Monday 4:00 PM, Monday 4:30 PM, Tuesday 8:30 AM, Tuesday 11:30 AM, Tuesday 4:30 PM, Wednesday 9:00 AM, Wednesday 12:00 PM, Wednesday 4:30 PM, Thursday 10:00 AM, Thursday 10:30 AM, Thursday 6:00 PM, Friday 9:00 AM, Friday 12:00 PM, Friday 12:30 PM, Friday 2:00 PM",6,4,0.7369802162254939,0.9261900418911432,0.8315851290583185
137,46,Drew Brooks,drew.brooks@example.com,NY,Marriage and Family Therapist,"Monday 8:00 AM, Monday 11:30 AM, Tuesday 8:00 AM, Tuesday 8:30 AM, Tuesday 10:30 AM, Tuesday 3:00 PM, Tuesday 5:30 PM, Wednesday 3:30 PM, Thursday 5:00 PM, Friday 2:30 PM, Friday 3:30 PM",Alex Jenkins,alex.jenkins@sample.org,NY,"Psychologist, Marriage and Family Therapist","Monday 8:00 AM, Monday 1:30 PM, Monday 3:00 PM, Tuesday 1:30 PM, Tuesday 5:30 PM, Tuesday 6:00 PM, Wednesday 12:30 PM, Wednesday 4:00 PM, Thursday 9:00 AM, Friday 3:00 PM",6,2,0.7066937085930721,0.9562506859299404,0.8314721972615062
116,5,Cameron Reed,cameron.reed@example.com,NV,Social Worker,"Monday 12:00 PM, Monday 1:30 PM, Monday 5:00 PM, Tuesday 10:00 AM, Tuesday 2:00 PM, Tuesday 5:30 PM, Wednesday 2:30 PM, Thursday 2:30 PM, Thursday 4:30 PM, Friday 12:30 PM, Friday 5:30 PM",Hayden Moore,hayden.moore@sample.org,NV,"Psychologist, Counselor, Social Worker","Monday 11:00 AM, Monday 1:30 PM, Monday 3:00 PM, Monday 5:30 PM, Monday 6:00 PM, Wednesday 2:00 PM, Thursday 8:00 AM, Thursday 9:00 AM, Thursday 4:30 PM, Friday 9:30 AM, Friday 2:00 PM, Friday 4:30 PM",5,2,0.7552423525490188,0.9076383049475659,0.8314403287482923
138,54,Riley Hernandez,riley.hernandez@mail.net,NY,Social Worker,"Wednesday 11:30 AM, Wednesday 12:30 PM, Wednesday 2:00 PM, Wednesday 2:30 PM, Wednesday 5:30 PM, Thursday 3:30 PM, Thursday 5:00 PM",Elliot Rivera,elliot.rivera@mail.net,NY,"Counselor, Social Worker, Psychologist","Monday 8:30 AM, Monday 12:30 PM, Monday 6:00 PM, Tuesday 1:30 PM, Tuesday 3:30 PM, Wednesday 9:00 AM, Wednesday 3:00 PM, Wednesday 4:00 PM, Wednesday 4:30 PM, Thursday 11:00 AM, Thursday 2:00 PM, Friday 8:30 AM, Friday 9:00 AM, Friday 5:00 PM",5,0,0.7125433875404701,0.9469949401462072,0.8297691638433387
155,9,Elliot Bailey,elliot.bailey@sample.org,TN,Psychologist,"Monday 8:30 AM, Monday 11:00 AM, Monday 6:00 PM, Thursday 8:30 AM, Thursday 12:00 PM, Thursday 3:30 PM, Thursday 5:30 PM",Riley Wilson,riley.wilson@sample.org,TN,"Psychologist, Marriage and Family Therapist","Monday 8:00 AM, Monday 9:00 AM, Monday 10:00 AM, Monday 11:30 AM, Monday 12:00 PM, Monday 12:30 PM, Monday 3:30 PM, Tuesday 11:30 AM, Tuesday 12:00 PM, Tuesday 1:00 PM, Wednesday 8:00 AM, Wednesday 8:30 AM, Thursday 9:00 AM, Thursday 11:30 AM, Thursday 2:00 PM, Thursday 4:30 PM, Friday 11:00 AM",5,0,0.7077652994652849,0.9478161487088006,0.8277907240870428
72,105,Elliot Lopez,elliot.lopez@sample.org,WA,Marriage and Family Therapist,"Monday 3:30 PM, Monday 4:00 PM, Tuesday 2:30 PM, Wednesday 10:30 AM, Friday 12:30 PM, Friday 1:30 PM, Friday 3:30 PM",Hayden Wilson,hayden.wilson@example.com,WA,"Psychologist, Social Worker, Marriage and Family Therapist","Monday 9:00 AM, Monday 3:00 PM, Monday 5:30 PM, Tuesday 9:30 AM, Tuesday 5:30 PM, Wednesday 1:00 PM, Wednesday 1:30 PM, Wednesday 3:00 PM, Thursday 1:00 PM, Friday 10:30 AM",5,0,0.7070621805600616,0.9479359741858048,0.8274990773729332
76,28,Quinn Nguyen,quinn.nguyen@mail.net,IA,Marriage and Family Therapist,"Monday 12:30 PM, Tuesday 2:30 PM, Tuesday 5:30 PM, Wednesday 10:30 AM, Wednesday 1:30 PM, Thursday 1:00 PM, Friday 12:00 PM",Taylor Lee,taylor.lee@example.com,IA,"Counselor, Marriage and Family Therapist","Monday 9:00 AM, Monday 11:30 AM, Monday 12:00 PM, Tuesday 10:30 AM, Wednesday 8:00 AM, Wednesday 11:30 AM, Wednesday 1:00 PM, Wednesday 1:30 PM, Wednesday 4:30 PM, Thursday 11:00 AM, Thursday 1:30 PM, Friday 10:30 AM, Friday 3:00 PM",6,1,0.6873935924573935,0.9669575549268414,0.8271755736921175
50,53,Peyton Brown,peyton.brown@mail.net,MD,Social Worker,"Monday 1:30 PM, Monday 3:30 PM, Tuesday 12:30 PM, Tuesday 2:00 PM, Wednesday 9:00 AM, Wednesday 3:00 PM, Friday 3:30 PM, Friday 5:30 PM, Friday 6:00 PM",Avery Lopez,avery.lopez@sample.org,MD,Social Worker,"Monday 11:30 AM, Monday 5:00 PM, Tuesday 8:00 AM, Tuesday 8:30 AM, Tuesday 9:00 AM, Tuesday 1:00 PM, Tuesday 4:00 PM, Wednesday 9:30 AM, Wednesday 10:30 AM, Wednesday 1:00 PM, Wednesday 2:30 PM, Thursday 10:00 AM, Thursday 12:30 PM, Friday 9:30 AM, Friday 4:30 PM",5,0,0.7030233769801404,0.9486192446082442,0.8258213107941923
113,70,Drew Moore,drew.moore@mail.net,TX,Marriage and Family Therapist,"Monday 11:30 AM, Tuesday 12:00 PM, Wednesday 11:30 AM, Wednesday 1:00 PM, Wednesday 1:30 PM, Thursday 9:30 AM, Thursday 10:30 AM, Thursday 11:00 AM, Thursday 11:30 AM, Thursday 2:00 PM, Friday 2:00 PM, Friday 6:00 PM",Casey Bailey,casey.bailey@example.com,TX,"Psychologist, Marriage and Family Therapist","Monday 10:30 AM, Monday 3:00 PM, Tuesday 11:00 AM, Tuesday 11:30 AM, Tuesday 2:30 PM, Tuesday 3:30 PM, Tuesday 5:00 PM, Wednesday 9:00 AM, Wednesday 1:30 PM, Wednesday 2:30 PM, Wednesday 6:00 PM, Thursday 9:00 AM, Thursday 10:00 AM, Thursday 2:00 PM, Friday 8:30 AM, Friday 9:00 AM, Friday 2:00 PM",6,3,0.7043388757603805,0.9462122539956583,0.8252755648780195
9,63,Jamie Bennett,jamie.bennett@mail.net,MA,Counselor,"Monday 9:00 AM, Monday 10:30 AM, Monday 5:00 PM, Tuesday 11:30 AM, Tuesday 5:30 PM, Wednesday 1:00 PM, Thursday 12:30 PM, Friday 1:00 PM",Riley Ramirez,riley.ramirez@example.com,"PA, MA",Counselor,"Monday 11:00 AM, Monday 12:00 PM, Monday 3:00 PM, Monday 4:00 PM, Wednesday 10:00 AM, Wednesday 1:30 PM, Wednesday 3:30 PM, Wednesday 5:00 PM, Thursday 9:00 AM, Thursday 10:00 AM, Thursday 2:00 PM, Friday 1:00 PM, Friday 1:30 PM, Friday 3:30 PM",6,1,0.6825420303531042,0.9674880757046063,0.8250150530288552
89,94,Elliot Lee,elliot.lee@mail.net,CA,Social Worker,"Monday 1:30 PM, Monday 4:00 PM, Tuesday 10:00 AM, Wednesday 3:00 PM, Thursday 5:30 PM, Friday 5:30 PM",Emerson Parker,emerson.parker@mail.net,CA,"Marriage and Family Therapist, Counselor, Social Worker","Monday 9:30 AM, Monday 3:30 PM, Monday 4:30 PM, Tuesday 10:00 AM, Tuesday 11:30 AM, Tuesday 12:30 PM, Wednesday 10:00 AM, Thursday 8:00 AM, Thursday 9:00 AM, Thursday 11:30 AM, Thursday 1:00 PM, Friday 4:30 PM",6,1,0.6746001290020865,0.9683388048837805,0.8214694669429335
23,95,Morgan Rivera,morgan.rivera@example.com,CO,Marriage and Family Therapist,"Monday 5:30 PM, Wednesday 11:00 AM, Wednesday 11:30 AM, Thursday 5:00 PM, Friday 11:30 AM, Friday 1:00 PM, Friday 4:00 PM",Taylor Bennett,taylor.bennett@example.com,CO,Marriage and Family Therapist,"Monday 12:30 PM, Monday 4:00 PM, Tuesday 5:30 PM, Wednesday 9:00 AM, Wednesday 1:00 PM, Wednesday 3:30 PM, Wednesday 4:30 PM, Wednesday 5:30 PM, Thursday 9:30 AM, Thursday 10:00 AM, Thursday 1:00 PM, Thursday 5:30 PM, Friday 9:30 AM, Friday 11:30 AM, Friday 12:00 PM, Friday 3:00 PM",6,1,0.6699853561499619,0.9688232025516831,0.8194042793508225
68,98,Logan Brown,logan.brown@sample.org,SD,Psychologist,"Monday 1:00 PM, Monday 5:30 PM, Tuesday 3:00 PM, Tuesday 5:00 PM, Wednesday 12:30 PM, Thursday 10:30 AM, Thursday 3:30 PM, Thursday 5:00 PM, Friday 10:30 AM",Dakota Davis,dakota.davis@mail.net,SD,Psychologist,"Monday 11:30 AM, Monday 12:30 PM, Monday 6:00 PM, Tuesday 10:30 AM, Tuesday 1:00 PM, Tuesday 4:00 PM, Tuesday 4:30 PM, Wednesday 8:30 AM, Wednesday 12:30 PM, Wednesday 1:30 PM, Wednesday 3:00 PM, Wednesday 4:00 PM, Wednesday 4:30 PM, Wednesday 5:30 PM, Thursday 5:30 PM, Friday 9:30 AM, Friday 10:00 AM, Friday 5:30 PM",4,1,0.779062750486822,0.8576935257802435,0.8183781381335328
44,53,Taylor Davis,taylor.davis@mail.net,MD,Social Worker,"Monday 3:00 PM, Monday 3:30 PM, Monday 4:30 PM, Monday 5:00 PM, Tuesday 9:00 AM, Tuesday 12:30 PM, Tuesday 5:00 PM, Tuesday 5:30 PM, Wednesday 10:30 AM, Thursday 9:00 AM, Friday 10:00 AM",Avery Lopez,avery.lopez@sample.org,MD,Social Worker,"Monday 11:30 AM, Monday 5:00 PM, Tuesday 8:00 AM, Tuesday 8:30 AM, Tuesday 9:00 AM, Tuesday 1:00 PM, Tuesday 4:00 PM, Wednesday 9:30 AM, Wednesday 10:30 AM, Wednesday 1:00 PM, Wednesday 2:30 PM, Thursday 10:00 AM, Thursday 12:30 PM, Friday 9:30 AM, Friday 4:30 PM",5,3,0.7424691945581928,0.8912861848623085,0.8168776897102507
94,118,Rowan Brown,rowan.brown@mail.net,MO,Marriage and Family Therapist,"Monday 9:30 AM, Tuesday 11:30 AM, Tuesday 3:00 PM, Tuesday 5:30 PM, Thursday 2:30 PM, Friday 3:30 PM, Friday 5:30 PM",Drew Cooper,drew.cooper@sample.org,MO,"Social Worker, Marriage and Family Therapist","Monday 8:00 AM, Monday 9:00 AM, Monday 3:30 PM, Monday 4:00 PM, Monday 4:30 PM, Tuesday 8:30 AM, Tuesday 11:30 AM, Tuesday 4:30 PM, Wednesday 9:00 AM, Wednesday 12:00 PM, Wednesday 4:30 PM, Thursday 10:00 AM, Thursday 10:30 AM, Thursday 6:00 PM, Friday 9:00 AM, Friday 12:00 PM, Friday 12:30 PM, Friday 2:00 PM",6,1,0.6639623035648289,0.9694446429236826,0.8167034732442557
167,71,Taylor Parker,taylor.parker@sample.org,FL,Counselor,"Monday 3:00 PM, Tuesday 6:00 PM, Wednesday 9:30 AM, Wednesday 5:30 PM, Thursday 11:00 AM, Thursday 12:00 PM, Thursday 5:00 PM, Friday 10:00 AM, Friday 11:00 AM, Friday 2:30 PM",Elliot Clark,elliot.clark@example.com,"IN, WY, FL","Marriage and Family Therapist, Counselor","Monday 8:00 AM, Monday 4:00 PM, Tuesday 8:30 AM, Tuesday 12:00 PM, Wednesday 11:00 AM, Wednesday 2:30 PM, Thursday 8:00 AM, Thursday 8:30 AM, Thursday 10:30 AM, Friday 11:00 AM, Friday 1:30 PM",4,1,0.7711693286680991,0.8609844528330872,0.8160768907505931
194,63,Alex Rivera,alex.rivera@mail.net,PA,Counselor,"Tuesday 2:00 PM, Wednesday 5:00 PM, Thursday 11:00 AM, Thursday 11:30 AM, Thursday 6:00 PM, Friday 3:30 PM",Riley Ramirez,riley.ramirez@example.com,"PA, MA",Counselor,"Monday 11:00 AM, Monday 12:00 PM, Monday 3:00 PM, Monday 4:00 PM, Wednesday 10:00 AM, Wednesday 1:30 PM, Wednesday 3:30 PM, Wednesday 5:00 PM, Thursday 9:00 AM, Thursday 10:00 AM, Thursday 2:00 PM, Friday 1:00 PM, Friday 1:30 PM, Friday 3:30 PM",6,2,0.6700994208172752,0.961237531756092,0.8156684762866836
171,30,Logan Davis,logan.davis@mail.net,TX,Social Worker,"Monday 8:30 AM, Monday 11:00 AM, Tuesday 5:30 PM, Wednesday 11:30 AM, Wednesday 1:30 PM, Thursday 11:30 AM, Friday 9:30 AM, Friday 1:30 PM, Friday 4:00 PM",Finley Wilson,finley.wilson@mail.net,"PA, OR, TX",Social Worker,"Monday 11:00 AM, Monday 1:00 PM, Monday 4:30 PM, Tuesday 9:00 AM, Tuesday 11:00 AM, Tuesday 1:30 PM, Tuesday 2:00 PM, Tuesday 3:00 PM, Tuesday 6:00 PM, Wednesday 8:30 AM, Wednesday 11:00 AM, Wednesday 1:30 PM, Wednesday 4:00 PM, Wednesday 4:30 PM, Friday 2:00 PM, Friday 2:30 PM",6,2,0.6674207050154265,0.961580339479718,0.8145005222475723
90,15,Elliot Patel,elliot.patel@sample.org,NJ,Social Worker,"Monday 9:30 AM, Wednesday 11:00 AM, Wednesday 12:00 PM, Wednesday 2:30 PM, Thursday 8:00 AM, Thursday 1:00 PM, Friday 12:00 PM",Riley Chen,riley.chen@mail.net,NJ,"Social Worker, Psychologist","Monday 12:00 PM, Monday 12:30 PM, Monday 2:00 PM, Monday 4:00 PM, Monday 6:00 PM, Tuesday 11:00 AM, Tuesday 1:00 PM, Tuesday 2:00 PM, Tuesday 3:30 PM, Wednesday 9:00 AM, Wednesday 10:30 AM, Wednesday 3:00 PM, Thursday 8:30 AM, Thursday 10:30 AM, Thursday 11:00 AM, Thursday 12:30 PM, Thursday 4:00 PM",6,0,0.6514497194903769,0.9764681785813215,0.8139589490358492
70,107,Alex Brooks,alex.brooks@mail.net,KS,Social Worker,"Monday 11:30 AM, Monday 1:30 PM, Monday 3:00 PM, Wednesday 2:30 PM, Wednesday 4:00 PM, Thursday 3:00 PM, Thursday 3:30 PM",Kendall Bennett,kendall.bennett@mail.net,KS,"Marriage and Family Therapist, Social Worker","Monday 3:30 PM, Tuesday 10:30 AM, Tuesday 3:00 PM, Tuesday 3:30 PM, Tuesday 5:30 PM, Wednesday 9:00 AM, Wednesday 5:30 PM, Wednesday 6:00 PM, Thursday 12:00 PM, Friday 10:00 AM, Friday 11:00 AM, Friday 12:00 PM, Friday 3:00 PM, Friday 4:30 PM",6,0,0.6501620915687123,0.9765700182607544,0.8133660549147333
178,2,Avery Nguyen,avery.nguyen@mail.net,AZ,Marriage and Family Therapist,"Monday 9:30 AM, Monday 3:00 PM, Tuesday 1:30 PM, Tuesday 3:30 PM, Wednesday 11:30 AM, Thursday 9:30 AM, Thursday 11:00 AM, Friday 12:00 PM, Friday 4:30 PM",Quinn Patel,quinn.patel@mail.net,AZ,"Psychologist, Marriage and Family Therapist, Social Worker","Monday 10:30 AM, Monday 12:00 PM, Monday 1:00 PM, Monday 2:00 PM, Tuesday 9:30 AM, Tuesday 12:00 PM, Tuesday 4:00 PM, Wednesday 10:00 AM, Wednesday 11:00 AM, Thursday 11:30 AM, Thursday 1:00 PM, Thursday 4:00 PM, Thursday 4:30 PM, Friday 8:00 AM, Friday 11:00 AM, Friday 3:00 PM",4,0,0.725202960566971,0.9009020899018954,0.8130525252344332
87,27,Reese Moore,reese.moore@sample.org,OK,Counselor,"Monday 2:30 PM, Monday 3:30 PM, Monday 4:30 PM, Wednesday 4:30 PM, Friday 4:30 PM, Friday 5:00 PM",Kendall Martinez,kendall.martinez@sample.org,OK,"Counselor, Marriage and Family Therapist","Monday 12:30 PM, Tuesday 12:30 PM, Tuesday 1:00 PM, Tuesday 2:00 PM, Tuesday 2:30 PM, Tuesday 3:00 PM, Tuesday 3:30 PM, Wednesday 3:00 PM, Wednesday 3:30 PM, Wednesday 6:00 PM, Thursday 9:30 AM, Thursday 4:30 PM, Thursday 5:00 PM, Friday 11:30 AM, Friday 2:00 PM, Friday 3:00 PM, Friday 3:30 PM",6,0,0.6486341788535973,0.9766903043068363,0.8126622415802168
6,94,Avery Hernandez,avery.hernandez@mail.net,CA,Counselor,"Monday 8:30 AM, Tuesday 9:30 AM, Tuesday 10:30 AM, Tuesday 11:00 AM, Tuesday 4:30 PM, Wednesday 8:00 AM, Wednesday 5:30 PM, Thursday 12:00 PM, Thursday 2:00 PM, Friday 8:30 AM, Friday 12:00 PM, Friday 2:30 PM",Emerson Parker,emerson.parker@mail.net,CA,"Marriage and Family Therapist, Counselor, Social Worker","Monday 9:30 AM, Monday 3:30 PM, Monday 4:30 PM, Tuesday 10:00 AM, Tuesday 11:30 AM, Tuesday 12:30 PM, Wednesday 10:00 AM, Thursday 8:00 AM, Thursday 9:00 AM, Thursday 11:30 AM, Thursday 1:00 PM, Friday 4:30 PM",6,0,0.6486323078356216,0.9766904512339333,0.8126613795347775
186,40,Avery Moore,avery.moore@mail.net,GA,Social Worker,"Monday 8:00 AM, Wednesday 12:00 PM, Thursday 10:30 AM, Thursday 11:30 AM, Thursday 1:00 PM, Thursday 2:30 PM",Finley Brown,finley.brown@sample.org,"GA, OR","Social Worker, Psychologist","Tuesday 11:30 AM, Wednesday 11:00 AM, Wednesday 1:30 PM, Thursday 9:30 AM, Thursday 12:00 PM, Thursday 2:30 PM, Thursday 3:00 PM, Thursday 4:00 PM, Friday 2:30 PM, Friday 3:30 PM, Friday 4:30 PM",5,1,0.6808158582683479,0.9408717975541239,0.8108438279112359
149,0,Jordan Parker,jordan.parker@mail.net,WV,Social Worker,"Monday 8:30 AM, Monday 10:30 AM, Monday 4:30 PM, Thursday 5:30 PM, Friday 8:00 AM, Friday 2:30 PM",Harper Hernandez,harper.hernandez@mail.net,WV,"Counselor, Social Worker","Monday 9:30 AM, Monday 10:00 AM, Monday 1:30 PM, Monday 2:30 PM, Tuesday 11:00 AM, Tuesday 12:00 PM, Wednesday 2:00 PM, Thursday 8:30 AM, Thursday 11:00 AM, Thursday 2:00 PM, Friday 9:00 AM, Friday 1:00 PM",6,0,0.6421384817222793,0.9771949878623202,0.8096667347922997
142,84,Morgan Lopez,morgan.lopez@sample.org,"WA, FL",Counselor,"Monday 9:00 AM, Monday 10:00 AM, Monday 3:30 PM, Tuesday 8:00 AM, Wednesday 10:00 AM, Wednesday 11:00 AM, Thursday 8:30 AM, Thursday 2:00 PM, Thursday 6:00 PM, Friday 11:30 AM, Friday 4:30 PM",Logan Lee,logan.lee@sample.org,FL,"Psychologist, Counselor, Social Worker","Monday 9:00 AM, Monday 3:00 PM, Monday 5:30 PM, Tuesday 11:00 AM, Tuesday 1:30 PM, Wednesday 2:00 PM, Thursday 10:00 AM, Thursday 11:30 AM, Thursday 3:00 PM, Friday 12:30 PM, Friday 3:30 PM",4,1,0.7478495639250164,0.8703354168555956,0.8090924903903061
195,28,Emerson Jenkins,emerson.jenkins@example.com,IA,Marriage and Family Therapist,"Monday 8:30 AM, Monday 1:30 PM, Wednesday 10:00 AM, Wednesday 12:00 PM, Wednesday 4:30 PM, Thursday 8:30 AM, Thursday 9:00 AM",Taylor Lee,taylor.lee@example.com,IA,"Counselor, Marriage and Family Therapist","Monday 9:00 AM, Monday 11:30 AM, Monday 12:00 PM, Tuesday 10:30 AM, Wednesday 8:00 AM, Wednesday 11:30 AM, Wednesday 1:00 PM, Wednesday 1:30 PM, Wednesday 4:30 PM, Thursday 11:00 AM, Thursday 1:30 PM, Friday 10:30 AM, Friday 3:00 PM",6,1,0.6437410618016953,0.9714444454770305,0.8075927536393629
111,108,Kendall Lopez,kendall.lopez@example.com,MT,Psychologist,"Monday 1:30 PM, Tuesday 9:00 AM, Tuesday 2:00 PM, Wednesday 10:30 AM, Wednesday 11:00 AM, Wednesday 11:30 AM, Thursday 11:00 AM, Thursday 5:30 PM, Friday 8:00 AM",Skyler Cooper,skyler.cooper@sample.org,MT,"Counselor, Psychologist","Monday 1:00 PM, Tuesday 11:00 AM, Tuesday 1:30 PM, Tuesday 3:30 PM, Wednesday 9:00 AM, Wednesday 3:00 PM, Wednesday 5:30 PM, Thursday 6:00 PM, Friday 11:30 AM, Friday 1:30 PM",6,0,0.6372525494887293,0.9775675526949388,0.8074100510918341
180,85,Drew Lee,drew.lee@mail.net,SD,Social Worker,"Monday 2:30 PM, Tuesday 11:00 AM, Wednesday 2:00 PM, Thursday 4:30 PM, Friday 8:30 AM, Friday 9:30 AM, Friday 3:30 PM",Dakota Moore,dakota.moore@example.com,"SD, SC, NJ",Social Worker,"Monday 8:00 AM, Monday 9:00 AM, Monday 5:00 PM, Tuesday 9:00 AM, Tuesday 12:30 PM, Tuesday 4:00 PM, Wednesday 9:30 AM, Wednesday 1:30 PM, Wednesday 2:00 PM, Thursday 9:00 AM, Thursday 10:30 AM, Thursday 1:00 PM, Thursday 2:30 PM, Thursday 3:30 PM, Thursday 4:30 PM, Friday 8:30 AM, Friday 11:30 AM",6,3,0.6579586737874504,0.9537967641032292,0.8058777189453399
41,5,Morgan Martinez,morgan.martinez@example.com,NV,Psychologist,"Tuesday 10:00 AM, Wednesday 2:00 PM, Wednesday 3:30 PM, Thursday 2:00 PM, Thursday 3:30 PM, Friday 1:00 PM",Hayden Moore,hayden.moore@sample.org,NV,"Psychologist, Counselor, Social Worker","Monday 11:00 AM, Monday 1:30 PM, Monday 3:00 PM, Monday 5:30 PM, Monday 6:00 PM, Wednesday 2:00 PM, Thursday 8:00 AM, Thursday 9:00 AM, Thursday 4:30 PM, Friday 9:30 AM, Friday 2:00 PM, Friday 4:30 PM",5,1,0.6676715581161663,0.9433442398111209,0.8055078989636436
61,94,Emerson Cooper,emerson.cooper@mail.net,CA,Counselor,"Monday 1:30 PM, Monday 2:30 PM, Monday 4:30 PM, Tuesday 4:30 PM, Tuesday 5:30 PM, Wednesday 10:30 AM, Wednesday 11:00 AM, Friday 12:30 PM, Friday 5:30 PM",Emerson Parker,emerson.parker@mail.net,CA,"Marriage and Family Therapist, Counselor, Social Worker","Monday 9:30 AM, Monday 3:30 PM, Monday 4:30 PM, Tuesday 10:00 AM, Tuesday 11:30 AM, Tuesday 12:30 PM, Wednesday 10:00 AM, Thursday 8:00 AM, Thursday 9:00 AM, Thursday 11:30 AM, Thursday 1:00 PM, Friday 4:30 PM",6,1,0.6371431115080366,0.9720690368760156,0.8046060741920261
28,94,Morgan Hernandez,morgan.hernandez@sample.org,CA,Marriage and Family Therapist,"Tuesday 10:00 AM, Tuesday 1:00 PM, Wednesday 4:00 PM, Thursday 8:00 AM, Thursday 2:30 PM, Thursday 3:30 PM, Thursday 4:30 PM, Friday 12:00 PM",Emerson Parker,emerson.parker@mail.net,CA,"Marriage and Family Therapist, Counselor, Social Worker","Monday 9:30 AM, Monday 3:30 PM, Monday 4:30 PM, Tuesday 10:00 AM, Tuesday 11:30 AM, Tuesday 12:30 PM, Wednesday 10:00 AM, Thursday 8:00 AM, Thursday 9:00 AM, Thursday 11:30 AM, Thursday 1:00 PM, Friday 4:30 PM",6,2,0.643251689534733,0.9645444165531865,0.8038980530439597
60,58,Jamie Kim,jamie.kim@example.com,IA,Psychologist,"Monday 8:30 AM, Monday 3:30 PM, Wednesday 8:30 AM, Wednesday 2:00 PM, Friday 10:30 AM, Friday 6:00 PM",Reese Lopez,reese.lopez@example.com,IA,"Psychologist, Marriage and Family Therapist, Counselor","Monday 8:30 AM, Monday 3:30 PM, Tuesday 2:00 PM, Wednesday 10:30 AM, Wednesday 12:00 PM, Wednesday 4:00 PM, Thursday 10:30 AM, Thursday 1:30 PM, Friday 9:00 AM, Friday 1:30 PM, Friday 4:30 PM",4,2,0.7775658423262946,0.8286630690042162,0.8031144556652554
127,71,Skyler Brown,skyler.brown@example.com,FL,Counselor,"Monday 8:30 AM, Tuesday 11:30 AM, Tuesday 1:30 PM, Tuesday 5:00 PM, Thursday 3:00 PM, Thursday 5:30 PM, Friday 11:00 AM, Friday 11:30 AM, Friday 5:00 PM, Friday 5:30 PM",Elliot Clark,elliot.clark@example.com,"IN, WY, FL","Marriage and Family Therapist, Counselor","Monday 8:00 AM, Monday 4:00 PM, Tuesday 8:30 AM, Tuesday 12:00 PM, Wednesday 11:00 AM, Wednesday 2:30 PM, Thursday 8:00 AM, Thursday 8:30 AM, Thursday 10:30 AM, Friday 11:00 AM, Friday 1:30 PM",4,1,0.7224920846311982,0.8798904752337267,0.8011912799324624
79,6,Kendall Kim,kendall.kim@mail.net,NJ,Marriage and Family Therapist,"Monday 5:30 PM, Tuesday 10:00 AM, Tuesday 1:00 PM, Thursday 8:00 AM, Thursday 11:00 AM, Friday 12:30 PM, Friday 2:30 PM, Friday 3:00 PM, Friday 3:30 PM, Friday 4:30 PM",Skyler Parker,skyler.parker@sample.org,NJ,"Marriage and Family Therapist, Psychologist, Social Worker","Monday 3:00 PM, Monday 6:00 PM, Tuesday 2:30 PM, Tuesday 4:00 PM, Wednesday 8:30 AM, Wednesday 2:30 PM, Thursday 10:30 AM, Thursday 5:30 PM, Friday 9:30 AM, Friday 2:00 PM, Friday 3:00 PM",4,1,0.7217610476193277,0.8801567077968672,0.8009588777080974
66,112,Kendall Hernandez,kendall.hernandez@example.com,DE,Counselor,"Monday 8:30 AM, Monday 12:30 PM, Monday 4:00 PM, Tuesday 5:30 PM, Wednesday 10:00 AM, Wednesday 11:30 AM, Thursday 10:00 AM, Thursday 2:30 PM, Thursday 5:00 PM",Elliot Hernandez,elliot.hernandez@sample.org,DE,"Counselor, Marriage and Family Therapist","Monday 8:30 AM, Tuesday 8:30 AM, Tuesday 9:00 AM, Tuesday 9:30 AM, Tuesday 1:30 PM, Tuesday 4:00 PM, Wednesday 8:30 AM, Wednesday 12:30 PM, Thursday 12:30 PM, Thursday 3:30 PM, Thursday 5:00 PM, Thursday 5:30 PM, Friday 9:00 AM, Friday 11:30 AM, Friday 1:00 PM, Friday 2:00 PM, Friday 4:30 PM",6,2,0.6334527573585629,0.9656823337671785,0.7995675455628707
43,116,Alex Reed,alex.reed@mail.net,ND,Marriage and Family Therapist,"Monday 3:00 PM, Tuesday 8:30 AM, Wednesday 9:00 AM, Wednesday 9:30 AM, Wednesday 11:30 AM, Wednesday 12:00 PM, Wednesday 4:00 PM, Thursday 2:00 PM, Thursday 3:30 PM, Thursday 4:00 PM",Quinn Brown,quinn.brown@example.com,ND,"Social Worker, Marriage and Family Therapist","Monday 11:30 AM, Monday 1:30 PM, Monday 4:00 PM, Wednesday 1:30 PM, Wednesday 3:30 PM, Wednesday 4:00 PM, Wednesday 6:00 PM, Thursday 9:00 AM, Thursday 12:00 PM, Thursday 12:30 PM, Thursday 1:30 PM, Friday 11:30 AM, Friday 5:30 PM",4,1,0.7154909509703408,0.8824193030647112,0.7989551270175259
85,6,Harper Cooper,harper.cooper@example.com,NJ,Marriage and Family Therapist,"Monday 10:30 AM, Monday 1:30 PM, Monday 3:30 PM, Monday 6:00 PM, Tuesday 11:00 AM, Tuesday 4:30 PM, Tuesday 6:00 PM, Thursday 3:00 PM, Friday 9:30 AM, Friday 10:30 AM, Friday 11:00 AM, Friday 5:30 PM",Skyler Parker,skyler.parker@sample.org,NJ,"Marriage and Family Therapist, Psychologist, Social Worker","Monday 3:00 PM, Monday 6:00 PM, Tuesday 2:30 PM, Tuesday 4:00 PM, Wednesday 8:30 AM, Wednesday 2:30 PM, Thursday 10:30 AM, Thursday 5:30 PM, Friday 9:30 AM, Friday 2:00 PM, Friday 3:00 PM",4,2,0.7601344888469315,0.8370319058773775,0.7985831973621544
57,40,Logan Nguyen,logan.nguyen@mail.net,OR,Psychologist,"Monday 9:00 AM, Monday 10:30 AM, Monday 11:00 AM, Monday 2:00 PM, Monday 3:30 PM, Monday 6:00 PM, Wednesday 8:30 AM, Wednesday 4:00 PM, Thursday 4:30 PM, Friday 9:30 AM, Friday 2:30 PM, Friday 4:00 PM",Finley Brown,finley.brown@sample.org,"GA, OR","Social Worker, Psychologist","Tuesday 11:30 AM, Wednesday 11:00 AM, Wednesday 1:30 PM, Thursday 9:30 AM, Thursday 12:00 PM, Thursday 2:30 PM, Thursday 3:00 PM, Thursday 4:00 PM, Friday 2:30 PM, Friday 3:30 PM, Friday 4:30 PM",5,1,0.6492152720070675,0.9466521984146128,0.7979337352108402
148,6,Alex Moore,alex.moore@sample.org,NJ,Marriage and Family Therapist,"Monday 10:30 AM, Monday 11:00 AM, Monday 2:00 PM, Tuesday 8:30 AM, Tuesday 4:00 PM, Wednesday 10:00 AM, Wednesday 4:30 PM, Friday 6:00 PM",Skyler Parker,skyler.parker@sample.org,NJ,"Marriage and Family Therapist, Psychologist, Social Worker","Monday 3:00 PM, Monday 6:00 PM, Tuesday 2:30 PM, Tuesday 4:00 PM, Wednesday 8:30 AM, Wednesday 2:30 PM, Thursday 10:30 AM, Thursday 5:30 PM, Friday 9:30 AM, Friday 2:00 PM, Friday 3:00 PM",4,1,0.710370476433775,0.8842394997403672,0.7973049880870711
45,84,Finley Rivera,finley.rivera@sample.org,FL,Psychologist,"Tuesday 8:00 AM, Tuesday 8:30 AM, Tuesday 9:00 AM, Wednesday 6:00 PM, Thursday 10:30 AM, Thursday 12:00 PM, Thursday 5:00 PM, Thursday 5:30 PM, Friday 10:00 AM",Logan Lee,logan.lee@sample.org,FL,"Psychologist, Counselor, Social Worker","Monday 9:00 AM, Monday 3:00 PM, Monday 5:30 PM, Tuesday 11:00 AM, Tuesday 1:30 PM, Wednesday 2:00 PM, Thursday 10:00 AM, Thursday 11:30 AM, Thursday 3:00 PM, Friday 12:30 PM, Friday 3:30 PM",4,0,0.6785252798869209,0.914377378966573,0.796451329426747
172,74,Rowan Reed,rowan.reed@sample.org,WY,Psychologist,"Tuesday 10:00 AM, Tuesday 11:30 AM, Wednesday 10:30 AM, Thursday 11:00 AM, Thursday 2:00 PM, Thursday 3:00 PM, Thursday 5:00 PM, Thursday 5:30 PM, Friday 11:00 AM, Friday 1:00 PM, Friday 2:00 PM, Friday 3:30 PM",Rowan Clark,rowan.clark@mail.net,WY,"Marriage and Family Therapist, Psychologist","Monday 12:30 PM, Monday 2:30 PM, Monday 5:00 PM, Monday 5:30 PM, Tuesday 8:30 AM, Tuesday 10:00 AM, Tuesday 12:30 PM, Tuesday 1:30 PM, Thursday 3:00 PM, Thursday 6:00 PM, Friday 2:30 PM, Friday 3:00 PM",5,2,0.6536586688247349,0.9331133248917529,0.793385996858244
101,111,Elliot Garcia,elliot.garcia@mail.net,ID,Psychologist,"Monday 8:00 AM, Monday 4:00 PM, Tuesday 8:30 AM, Tuesday 4:00 PM, Thursday 1:00 PM, Friday 10:00 AM, Friday 10:30 AM, Friday 12:30 PM",Alex Hernandez,alex.hernandez@example.com,ID,Psychologist,"Monday 8:30 AM, Monday 10:00 AM, Monday 2:30 PM, Monday 4:30 PM, Tuesday 9:00 AM, Tuesday 3:30 PM, Tuesday 4:00 PM, Tuesday 4:30 PM, Wednesday 8:00 AM, Wednesday 4:00 PM, Thursday 8:00 AM, Thursday 10:00 AM, Thursday 11:00 AM, Thursday 12:30 PM, Thursday 3:00 PM, Thursday 5:30 PM, Friday 1:30 PM",5,1,0.6308131602409167,0.9497683837545056,0.7902907719977111
95,106,Emerson Gonzalez,emerson.gonzalez@example.com,NM,Marriage and Family Therapist,"Monday 2:00 PM, Monday 6:00 PM, Tuesday 12:00 PM, Tuesday 12:30 PM, Tuesday 1:00 PM, Tuesday 2:30 PM, Thursday 10:30 AM, Thursday 1:30 PM, Friday 8:00 AM, Friday 1:00 PM, Friday 4:30 PM, Friday 6:00 PM",Avery Jenkins,avery.jenkins@mail.net,NM,"Social Worker, Marriage and Family Therapist, Psychologist","Tuesday 8:30 AM, Tuesday 10:30 AM, Tuesday 5:30 PM, Tuesday 6:00 PM, Wednesday 8:30 AM, Wednesday 9:30 AM, Wednesday 11:00 AM, Wednesday 4:00 PM, Wednesday 5:30 PM, Thursday 10:00 AM, Thursday 10:30 AM, Thursday 11:00 AM, Thursday 12:00 PM, Friday 8:00 AM, Friday 9:00 AM, Friday 9:30 AM, Friday 12:00 PM, Friday 3:00 PM",4,2,0.7148108394494903,0.8572509994075638,0.7860309194285271
69,71,Morgan Bennett,morgan.bennett@example.com,IN,Counselor,"Monday 12:00 PM, Tuesday 5:00 PM, Tuesday 6:00 PM, Wednesday 12:00 PM, Thursday 2:00 PM, Thursday 5:00 PM, Thursday 5:30 PM, Thursday 6:00 PM, Friday 9:30 AM, Friday 2:30 PM",Elliot Clark,elliot.clark@example.com,"IN, WY, FL","Marriage and Family Therapist, Counselor","Monday 8:00 AM, Monday 4:00 PM, Tuesday 8:30 AM, Tuesday 12:00 PM, Wednesday 11:00 AM, Wednesday 2:30 PM, Thursday 8:00 AM, Thursday 8:30 AM, Thursday 10:30 AM, Friday 11:00 AM, Friday 1:30 PM",4,0,0.6420802765171696,0.9237203970505811,0.7829003367838754
130,22,Finley Davis,finley.davis@sample.org,VA,Marriage and Family Therapist,"Monday 11:30 AM, Monday 5:30 PM, Tuesday 12:30 PM, Thursday 9:30 AM, Friday 2:30 PM, Friday 5:00 PM, Friday 5:30 PM",Casey Bennett,casey.bennett@example.com,VA,"Social Worker, Marriage and Family Therapist","Monday 12:00 PM, Monday 3:30 PM, Tuesday 10:00 AM, Tuesday 4:30 PM, Tuesday 5:00 PM, Tuesday 5:30 PM, Tuesday 6:00 PM, Wednesday 8:00 AM, Wednesday 10:00 AM, Wednesday 1:00 PM, Wednesday 2:30 PM, Thursday 8:30 AM, Thursday 4:00 PM, Friday 8:00 AM, Friday 8:30 AM, Friday 9:30 AM, Friday 12:00 PM, Friday 1:00 PM",4,0,0.642053764731498,0.923726840269724,0.782890302500611
146,71,Hayden Rivera,hayden.rivera@example.com,WY,Marriage and Family Therapist,"Monday 10:30 AM, Monday 6:00 PM, Tuesday 10:00 AM, Tuesday 10:30 AM, Tuesday 4:00 PM, Wednesday 9:30 AM, Wednesday 1:00 PM, Thursday 8:00 AM, Thursday 9:30 AM, Thursday 11:30 AM, Friday 10:00 AM, Friday 11:00 AM",Elliot Clark,elliot.clark@example.com,"IN, WY, FL","Marriage and Family Therapist, Counselor","Monday 8:00 AM, Monday 4:00 PM, Tuesday 8:30 AM, Tuesday 12:00 PM, Wednesday 11:00 AM, Wednesday 2:30 PM, Thursday 8:00 AM, Thursday 8:30 AM, Thursday 10:30 AM, Friday 11:00 AM, Friday 1:30 PM",4,2,0.7033128036868205,0.8620358701594689,0.7826743369231447
83,84,Cameron Hernandez,cameron.hernandez@example.com,FL,Counselor,"Tuesday 2:00 PM, Tuesday 5:30 PM, Tuesday 6:00 PM, Wednesday 12:00 PM, Wednesday 3:30 PM, Friday 10:30 AM, Friday 1:00 PM, Friday 5:00 PM",Logan Lee,logan.lee@sample.org,FL,"Psychologist, Counselor, Social Worker","Monday 9:00 AM, Monday 3:00 PM, Monday 5:30 PM, Tuesday 11:00 AM, Tuesday 1:30 PM, Wednesday 2:00 PM, Thursday 10:00 AM, Thursday 11:30 AM, Thursday 3:00 PM, Friday 12:30 PM, Friday 3:30 PM",4,0,0.634568232928483,0.92552620936783,0.7800472211481565
159,60,Taylor Wilson,taylor.wilson@example.com,NJ,Marriage and Family Therapist,"Monday 11:00 AM, Tuesday 11:30 AM, Wednesday 8:00 AM, Wednesday 4:00 PM, Thursday 12:00 PM, Thursday 4:00 PM, Friday 3:00 PM, Friday 6:00 PM",Alex Lopez,alex.lopez@mail.net,NJ,"Psychologist, Marriage and Family Therapist","Monday 10:00 AM, Monday 2:00 PM, Tuesday 11:00 AM, Tuesday 3:00 PM, Wednesday 10:30 AM, Wednesday 1:00 PM, Wednesday 1:30 PM, Wednesday 3:00 PM, Wednesday 6:00 PM, Thursday 3:30 PM, Thursday 6:00 PM, Friday 10:00 AM",3,0,0.7375890683666821,0.8223883575969253,0.7799887129818037
92,23,Dakota Brown,dakota.brown@mail.net,NE,Psychologist,"Monday 1:30 PM, Monday 4:30 PM, Tuesday 10:00 AM, Tuesday 3:00 PM, Wednesday 11:30 AM, Wednesday 1:30 PM",Jordan Brown,jordan.brown@mail.net,NE,"Psychologist, Marriage and Family Therapist, Social Worker","Monday 8:00 AM, Tuesday 10:30 AM, Tuesday 3:30 PM, Tuesday 4:30 PM, Tuesday 6:00 PM, Wednesday 12:30 PM, Wednesday 2:30 PM, Wednesday 3:00 PM, Wednesday 4:30 PM, Thursday 11:30 AM, Thursday 1:30 PM, Thursday 3:00 PM, Thursday 6:00 PM, Friday 4:00 PM",3,0,0.7189141683081877,0.8316027106835384,0.775258439495863
0,22,Dakota Wilson,dakota.wilson@sample.org,VA,Social Worker,"Monday 10:30 AM, Tuesday 11:00 AM, Tuesday 12:00 PM, Wednesday 12:30 PM, Wednesday 3:00 PM, Thursday 11:00 AM, Friday 1:00 PM",Casey Bennett,casey.bennett@example.com,VA,"Social Worker, Marriage and Family Therapist","Monday 12:00 PM, Monday 3:30 PM, Tuesday 10:00 AM, Tuesday 4:30 PM, Tuesday 5:00 PM, Tuesday 5:30 PM, Tuesday 6:00 PM, Wednesday 8:00 AM, Wednesday 10:00 AM, Wednesday 1:00 PM, Wednesday 2:30 PM, Thursday 8:30 AM, Thursday 4:00 PM, Friday 8:00 AM, Friday 8:30 AM, Friday 9:30 AM, Friday 12:00 PM, Friday 1:00 PM",4,1,0.6413113525934151,0.9064814401065435,0.7738963963499793
125,59,Dakota Cooper,dakota.cooper@example.com,NM,Marriage and Family Therapist,"Monday 9:30 AM, Monday 1:30 PM, Monday 6:00 PM, Tuesday 2:00 PM, Tuesday 3:30 PM, Wednesday 11:30 AM, Friday 10:00 AM, Friday 1:30 PM",Peyton Lee,peyton.lee@example.com,NM,Marriage and Family Therapist,"Monday 10:00 AM, Monday 10:30 AM, Monday 12:00 PM, Monday 3:00 PM, Monday 4:30 PM, Tuesday 4:30 PM, Wednesday 1:00 PM, Wednesday 4:30 PM, Thursday 8:00 AM, Thursday 5:00 PM, Thursday 5:30 PM, Thursday 6:00 PM, Friday 10:30 AM",3,0,0.7087492689035997,0.8364558376285719,0.7726025532660858
7,88,Taylor Lopez,taylor.lopez@mail.net,WI,Psychologist,"Tuesday 10:30 AM, Tuesday 12:30 PM, Wednesday 12:00 PM, Thursday 11:30 AM, Thursday 3:00 PM, Friday 10:30 AM, Friday 11:00 AM",Rowan Wilson,rowan.wilson@sample.org,WI,"Counselor, Psychologist, Marriage and Family Therapist","Monday 3:30 PM, Tuesday 2:30 PM, Wednesday 8:00 AM, Wednesday 10:30 AM, Wednesday 12:30 PM, Wednesday 2:30 PM, Wednesday 3:00 PM, Thursday 6:00 PM, Friday 1:30 PM, Friday 5:00 PM",5,0,0.5791611736451132,0.9658742861844296,0.7725177299147714
71,78,Quinn Garcia,quinn.garcia@sample.org,TX,Counselor,"Monday 8:30 AM, Monday 4:30 PM, Monday 6:00 PM, Thursday 8:00 AM, Friday 10:30 AM, Friday 11:00 AM",Cameron Lee,cameron.lee@sample.org,TX,"Counselor, Psychologist, Social Worker","Monday 1:00 PM, Monday 4:00 PM, Tuesday 5:00 PM, Wednesday 9:00 AM, Wednesday 11:00 AM, Wednesday 12:00 PM, Thursday 12:00 PM, Thursday 2:30 PM, Thursday 6:00 PM, Friday 8:00 AM, Friday 10:30 AM, Friday 11:00 AM",4,2,0.6642316092108701,0.877299948600534,0.7707657789057021
119,101,Hayden Jenkins,hayden.jenkins@sample.org,KY,Psychologist,"Monday 10:00 AM, Monday 5:00 PM, Tuesday 8:30 AM, Tuesday 3:00 PM, Wednesday 12:30 PM, Wednesday 5:00 PM, Wednesday 6:00 PM, Thursday 1:00 PM, Thursday 3:00 PM, Thursday 4:00 PM, Friday 9:30 AM",Avery Garcia,avery.garcia@example.com,KY,"Marriage and Family Therapist, Counselor, Psychologist","Monday 11:00 AM, Monday 12:30 PM, Tuesday 9:30 AM, Tuesday 3:30 PM, Wednesday 10:00 AM, Wednesday 11:30 AM, Wednesday 12:30 PM, Thursday 11:30 AM, Thursday 12:00 PM, Thursday 12:30 PM",6,1,0.5631217427601564,0.9782257705354926,0.7706737566478246
37,106,Riley Gonzalez,riley.gonzalez@sample.org,NM,Social Worker,"Monday 1:00 PM, Monday 3:00 PM, Monday 5:00 PM, Tuesday 5:00 PM, Wednesday 8:30 AM, Wednesday 9:00 AM, Wednesday 1:30 PM, Friday 12:30 PM",Avery Jenkins,avery.jenkins@mail.net,NM,"Social Worker, Marriage and Family Therapist, Psychologist","Tuesday 8:30 AM, Tuesday 10:30 AM, Tuesday 5:30 PM, Tuesday 6:00 PM, Wednesday 8:30 AM, Wednesday 9:30 AM, Wednesday 11:00 AM, Wednesday 4:00 PM, Wednesday 5:30 PM, Thursday 10:00 AM, Thursday 10:30 AM, Thursday 11:00 AM, Thursday 12:00 PM, Friday 8:00 AM, Friday 9:00 AM, Friday 9:30 AM, Friday 12:00 PM, Friday 3:00 PM",4,1,0.6310913016346826,0.909427341904533,0.7702593217696079
112,2,Kendall Reed,kendall.reed@sample.org,AZ,Marriage and Family Therapist,"Monday 11:30 AM, Monday 5:30 PM, Tuesday 11:30 AM, Tuesday 2:00 PM, Tuesday 2:30 PM, Wednesday 4:30 PM, Thursday 12:30 PM, Friday 10:30 AM, Friday 2:00 PM",Quinn Patel,quinn.patel@mail.net,AZ,"Psychologist, Marriage and Family Therapist, Social Worker","Monday 10:30 AM, Monday 12:00 PM, Monday 1:00 PM, Monday 2:00 PM, Tuesday 9:30 AM, Tuesday 12:00 PM, Tuesday 4:00 PM, Wednesday 10:00 AM, Wednesday 11:00 AM, Thursday 11:30 AM, Thursday 1:00 PM, Thursday 4:00 PM, Thursday 4:30 PM, Friday 8:00 AM, Friday 11:00 AM, Friday 3:00 PM",4,0,0.6049710146143618,0.9322644312872128,0.7686177229507873
139,47,Drew Jenkins,drew.jenkins@example.com,IL,Marriage and Family Therapist,"Monday 9:00 AM, Tuesday 9:30 AM, Tuesday 6:00 PM, Thursday 10:00 AM, Friday 9:00 AM, Friday 2:00 PM",Alex Bennett,alex.bennett@sample.org,IL,"Marriage and Family Therapist, Psychologist, Counselor","Monday 9:30 AM, Monday 11:00 AM, Monday 3:30 PM, Monday 4:00 PM, Tuesday 10:30 AM, Tuesday 12:30 PM, Tuesday 2:30 PM, Tuesday 3:30 PM, Wednesday 3:00 PM, Wednesday 6:00 PM, Thursday 11:30 AM, Thursday 3:00 PM, Thursday 4:30 PM, Friday 10:30 AM, Friday 11:00 AM, Friday 2:30 PM, Friday 5:00 PM",6,0,0.5450317556667426,0.9835793194330196,0.7643055375498811
120,14,Cameron Cooper,cameron.cooper@mail.net,MT,Marriage and Family Therapist,"Monday 9:00 AM, Monday 11:00 AM, Tuesday 12:30 PM, Tuesday 2:30 PM, Tuesday 4:30 PM, Wednesday 8:30 AM, Wednesday 10:30 AM, Wednesday 5:00 PM, Friday 1:30 PM, Friday 4:30 PM, Friday 6:00 PM",Reese Brown,reese.brown@mail.net,"MT, DE","Counselor, Marriage and Family Therapist, Social Worker","Tuesday 10:30 AM, Tuesday 12:30 PM, Tuesday 2:00 PM, Tuesday 5:30 PM, Wednesday 1:30 PM, Thursday 9:30 AM, Thursday 12:30 PM, Thursday 1:30 PM, Friday 8:00 AM, Friday 8:30 AM, Friday 11:30 AM",3,1,0.7390428960488782,0.7862307549704503,0.7626368255096643
163,23,Jamie Moore,jamie.moore@sample.org,NE,Social Worker,"Monday 8:00 AM, Monday 3:30 PM, Monday 4:30 PM, Wednesday 3:30 PM, Wednesday 4:00 PM, Thursday 8:00 AM, Thursday 8:30 AM, Thursday 2:00 PM, Friday 8:00 AM, Friday 9:00 AM, Friday 3:00 PM",Jordan Brown,jordan.brown@mail.net,NE,"Psychologist, Marriage and Family Therapist, Social Worker","Monday 8:00 AM, Tuesday 10:30 AM, Tuesday 3:30 PM, Tuesday 4:30 PM, Tuesday 6:00 PM, Wednesday 12:30 PM, Wednesday 2:30 PM, Wednesday 3:00 PM, Wednesday 4:30 PM, Thursday 11:30 AM, Thursday 1:30 PM, Thursday 3:00 PM, Thursday 6:00 PM, Friday 4:00 PM",3,1,0.7377041088990711,0.7870058664087112,0.7623549876538911
105,90,Peyton Parker,peyton.parker@mail.net,HI,Psychologist,"Monday 2:00 PM, Wednesday 9:00 AM, Wednesday 11:00 AM, Wednesday 5:30 PM, Thursday 11:00 AM, Thursday 1:00 PM, Thursday 6:00 PM, Friday 2:30 PM, Friday 4:00 PM",Kendall Clark,kendall.clark@mail.net,HI,"Psychologist, Counselor, Marriage and Family Therapist","Monday 11:30 AM, Monday 12:30 PM, Tuesday 3:00 PM, Wednesday 9:30 AM, Wednesday 2:30 PM, Thursday 3:30 PM, Thursday 5:00 PM, Friday 8:30 AM, Friday 12:30 PM, Friday 4:30 PM",4,0,0.586088350127778,0.9362633574448941,0.761175853786336
74,45,Emerson Brooks,emerson.brooks@example.com,OR,Counselor,"Monday 2:30 PM, Monday 3:00 PM, Monday 6:00 PM, Tuesday 1:30 PM, Thursday 1:00 PM, Friday 9:00 AM, Friday 12:00 PM, Friday 3:00 PM",Skyler Davis,skyler.davis@mail.net,OR,Counselor,"Monday 1:30 PM, Tuesday 9:00 AM, Tuesday 3:00 PM, Tuesday 6:00 PM, Wednesday 8:00 AM, Wednesday 9:00 AM, Wednesday 1:00 PM, Wednesday 2:30 PM, Wednesday 3:00 PM, Wednesday 5:00 PM, Wednesday 6:00 PM, Thursday 9:30 AM, Thursday 1:30 PM, Thursday 5:00 PM, Thursday 6:00 PM, Friday 8:30 AM, Friday 6:00 PM",3,0,0.6663751005821673,0.8554809090042087,0.760928004793188
67,11,Riley Lopez,riley.lopez@mail.net,OH,Counselor,"Monday 8:30 AM, Monday 9:00 AM, Monday 10:30 AM, Monday 11:30 AM, Monday 12:00 PM, Monday 12:30 PM, Tuesday 11:00 AM, Tuesday 2:00 PM, Wednesday 5:00 PM, Thursday 2:00 PM, Friday 3:00 PM, Friday 4:30 PM",Kendall Jenkins,kendall.jenkins@example.com,OH,"Counselor, Psychologist","Monday 8:30 AM, Monday 11:00 AM, Monday 12:30 PM, Monday 2:00 PM, Tuesday 1:00 PM, Tuesday 3:00 PM, Wednesday 3:00 PM, Wednesday 4:30 PM, Thursday 11:00 AM, Thursday 11:30 AM, Thursday 6:00 PM, Friday 5:30 PM",3,2,0.8335311112452872,0.679437700579667,0.7564844059124771
141,116,Quinn Lopez,quinn.lopez@sample.org,ND,Marriage and Family Therapist,"Monday 4:30 PM, Tuesday 8:00 AM, Tuesday 9:30 AM, Wednesday 8:30 AM, Wednesday 9:30 AM, Wednesday 6:00 PM, Friday 9:30 AM, Friday 2:00 PM, Friday 5:30 PM",Quinn Brown,quinn.brown@example.com,ND,"Social Worker, Marriage and Family Therapist","Monday 11:30 AM, Monday 1:30 PM, Monday 4:00 PM, Wednesday 1:30 PM, Wednesday 3:30 PM, Wednesday 4:00 PM, Wednesday 6:00 PM, Thursday 9:00 AM, Thursday 12:00 PM, Thursday 12:30 PM, Thursday 1:30 PM, Friday 11:30 AM, Friday 5:30 PM",4,2,0.6140532364466773,0.8947482006046032,0.7544007185256403
184,61,Dakota Bennett,dakota.bennett@example.com,UT,Marriage and Family Therapist,"Monday 9:30 AM, Monday 1:30 PM, Monday 6:00 PM, Tuesday 3:30 PM, Wednesday 11:00 AM, Wednesday 12:00 PM, Wednesday 3:00 PM, Wednesday 5:00 PM, Friday 8:00 AM, Friday 2:30 PM",Avery Ramirez,avery.ramirez@sample.org,UT,"Marriage and Family Therapist, Social Worker","Monday 9:00 AM, Monday 11:00 AM, Monday 1:30 PM, Monday 3:30 PM, Monday 4:00 PM, Tuesday 9:30 AM, Tuesday 11:00 AM, Tuesday 1:00 PM, Tuesday 3:00 PM, Wednesday 8:00 AM, Wednesday 4:00 PM, Thursday 2:30 PM, Thursday 5:00 PM, Thursday 5:30 PM, Friday 8:00 AM, Friday 4:00 PM",3,2,0.8060460021792379,0.6997260070981997,0.7528860046387188
152,106,Peyton Patel,peyton.patel@sample.org,NM,Psychologist,"Monday 9:30 AM, Wednesday 9:30 AM, Wednesday 11:00 AM, Thursday 3:30 PM, Friday 9:30 AM, Friday 12:30 PM, Friday 3:30 PM",Avery Jenkins,avery.jenkins@mail.net,NM,"Social Worker, Marriage and Family Therapist, Psychologist","Tuesday 8:30 AM, Tuesday 10:30 AM, Tuesday 5:30 PM, Tuesday 6:00 PM, Wednesday 8:30 AM, Wednesday 9:30 AM, Wednesday 11:00 AM, Wednesday 4:00 PM, Wednesday 5:30 PM, Thursday 10:00 AM, Thursday 10:30 AM, Thursday 11:00 AM, Thursday 12:00 PM, Friday 8:00 AM, Friday 9:00 AM, Friday 9:30 AM, Friday 12:00 PM, Friday 3:00 PM",4,3,0.6378222249606411,0.8621133485595349,0.749967786760088
19,64,Peyton Bennett,peyton.bennett@mail.net,AZ,Counselor,"Monday 9:00 AM, Monday 12:30 PM, Monday 5:00 PM, Monday 6:00 PM, Tuesday 10:30 AM, Tuesday 4:30 PM, Tuesday 5:30 PM, Wednesday 12:00 PM, Thursday 12:30 PM, Thursday 2:00 PM, Friday 11:30 AM, Friday 2:00 PM",Reese Chen,reese.chen@example.com,AZ,"Marriage and Family Therapist, Counselor, Social Worker","Monday 12:30 PM, Monday 1:00 PM, Monday 2:30 PM, Wednesday 12:30 PM, Wednesday 2:00 PM, Wednesday 3:00 PM, Wednesday 5:30 PM, Wednesday 6:00 PM, Friday 9:30 AM, Friday 11:30 AM",3,2,0.7677185764025667,0.726750218615719,0.7472343975091429
88,80,Cameron Gonzalez,cameron.gonzalez@example.com,WY,Counselor,"Monday 1:00 PM, Tuesday 10:00 AM, Wednesday 10:30 AM, Wednesday 12:30 PM, Thursday 4:30 PM, Thursday 5:30 PM, Friday 9:30 AM",Jamie Gonzalez,jamie.gonzalez@example.com,WY,"Counselor, Marriage and Family Therapist, Psychologist","Monday 10:30 AM, Monday 6:00 PM, Tuesday 8:00 AM, Tuesday 9:00 AM, Wednesday 10:00 AM, Wednesday 1:00 PM, Wednesday 3:00 PM, Thursday 4:00 PM, Friday 10:00 AM, Friday 12:00 PM, Friday 3:00 PM, Friday 5:30 PM",3,0,0.6052343813207994,0.8796526791866168,0.7424435302537081
59,14,Kendall Rivera,kendall.rivera@mail.net,MT,Marriage and Family Therapist,"Monday 8:00 AM, Monday 1:30 PM, Monday 2:00 PM, Tuesday 11:00 AM, Tuesday 12:00 PM, Wednesday 2:00 PM, Wednesday 5:30 PM, Thursday 6:00 PM, Friday 10:30 AM, Friday 11:00 AM, Friday 2:00 PM",Reese Brown,reese.brown@mail.net,"MT, DE","Counselor, Marriage and Family Therapist, Social Worker","Tuesday 10:30 AM, Tuesday 12:30 PM, Tuesday 2:00 PM, Tuesday 5:30 PM, Wednesday 1:30 PM, Thursday 9:30 AM, Thursday 12:30 PM, Thursday 1:30 PM, Friday 8:00 AM, Friday 8:30 AM, Friday 11:30 AM",3,0,0.5877937294269932,0.8858772121677255,0.7368354707973593
126,45,Finley Moore,finley.moore@example.com,OR,Counselor,"Monday 9:00 AM, Tuesday 10:30 AM, Tuesday 11:30 AM, Tuesday 2:30 PM, Wednesday 1:00 PM, Thursday 9:00 AM, Thursday 5:30 PM, Thursday 6:00 PM, Friday 9:00 AM, Friday 9:30 AM, Friday 3:00 PM, Friday 3:30 PM",Skyler Davis,skyler.davis@mail.net,OR,Counselor,"Monday 1:30 PM, Tuesday 9:00 AM, Tuesday 3:00 PM, Tuesday 6:00 PM, Wednesday 8:00 AM, Wednesday 9:00 AM, Wednesday 1:00 PM, Wednesday 2:30 PM, Wednesday 3:00 PM, Wednesday 5:00 PM, Wednesday 6:00 PM, Thursday 9:30 AM, Thursday 1:30 PM, Thursday 5:00 PM, Thursday 6:00 PM, Friday 8:30 AM, Friday 6:00 PM",3,2,0.7077248199588133,0.7658695417515686,0.736797180855191
8,86,Morgan Patel,morgan.patel@sample.org,MO,Psychologist,"Monday 2:00 PM, Tuesday 2:00 PM, Tuesday 5:00 PM, Wednesday 9:30 AM, Wednesday 10:00 AM, Wednesday 4:30 PM, Thursday 8:00 AM, Thursday 9:00 AM, Thursday 6:00 PM, Friday 5:00 PM",Drew Parker,drew.parker@sample.org,"MO, NM",Psychologist,"Monday 9:00 AM, Monday 12:00 PM, Monday 2:30 PM, Tuesday 12:30 PM, Tuesday 1:30 PM, Wednesday 9:00 AM, Wednesday 9:30 AM, Thursday 1:30 PM, Thursday 4:30 PM, Friday 8:00 AM, Friday 12:30 PM, Friday 1:00 PM, Friday 1:30 PM, Friday 3:00 PM, Friday 4:00 PM",3,1,0.6229470762503091,0.8459005026969574,0.7344237894736332
11,61,Hayden Lee,hayden.lee@mail.net,UT,Marriage and Family Therapist,"Tuesday 8:00 AM, Wednesday 4:00 PM, Wednesday 6:00 PM, Thursday 5:30 PM, Friday 12:00 PM, Friday 12:30 PM, Friday 1:00 PM, Friday 2:30 PM",Avery Ramirez,avery.ramirez@sample.org,UT,"Marriage and Family Therapist, Social Worker","Monday 9:00 AM, Monday 11:00 AM, Monday 1:30 PM, Monday 3:30 PM, Monday 4:00 PM, Tuesday 9:30 AM, Tuesday 11:00 AM, Tuesday 1:00 PM, Tuesday 3:00 PM, Wednesday 8:00 AM, Wednesday 4:00 PM, Thursday 2:30 PM, Thursday 5:00 PM, Thursday 5:30 PM, Friday 8:00 AM, Friday 4:00 PM",3,2,0.6887141421537597,0.7774222267284601,0.7330681844411099
199,11,Morgan Ramirez,morgan.ramirez@mail.net,OH,Counselor,"Monday 12:30 PM, Tuesday 11:30 AM, Tuesday 1:30 PM, Wednesday 10:00 AM, Wednesday 11:00 AM, Wednesday 12:30 PM, Thursday 9:30 AM, Thursday 2:00 PM, Thursday 6:00 PM",Kendall Jenkins,kendall.jenkins@example.com,OH,"Counselor, Psychologist","Monday 8:30 AM, Monday 11:00 AM, Monday 12:30 PM, Monday 2:00 PM, Tuesday 1:00 PM, Tuesday 3:00 PM, Wednesday 3:00 PM, Wednesday 4:30 PM, Thursday 11:00 AM, Thursday 11:30 AM, Thursday 6:00 PM, Friday 5:30 PM",3,2,0.6864593867195486,0.7787650899197672,0.7326122383196579
53,23,Dakota Reed,dakota.reed@example.com,NE,Social Worker,"Monday 4:00 PM, Monday 5:00 PM, Tuesday 1:00 PM, Tuesday 6:00 PM, Thursday 6:00 PM, Friday 10:30 AM, Friday 11:30 AM, Friday 2:30 PM",Jordan Brown,jordan.brown@mail.net,NE,"Psychologist, Marriage and Family Therapist, Social Worker","Monday 8:00 AM, Tuesday 10:30 AM, Tuesday 3:30 PM, Tuesday 4:30 PM, Tuesday 6:00 PM, Wednesday 12:30 PM, Wednesday 2:30 PM, Wednesday 3:00 PM, Wednesday 4:30 PM, Thursday 11:30 AM, Thursday 1:30 PM, Thursday 3:00 PM, Thursday 6:00 PM, Friday 4:00 PM",3,2,0.6823679830566135,0.78118696579808,0.7317774744273468
154,45,Rowan Jenkins,rowan.jenkins@mail.net,OR,Counselor,"Monday 2:00 PM, Tuesday 1:00 PM, Wednesday 8:30 AM, Wednesday 2:30 PM, Wednesday 5:30 PM, Thursday 9:30 AM, Thursday 4:00 PM, Friday 8:00 AM, Friday 10:00 AM, Friday 10:30 AM, Friday 12:30 PM",Skyler Davis,skyler.davis@mail.net,OR,Counselor,"Monday 1:30 PM, Tuesday 9:00 AM, Tuesday 3:00 PM, Tuesday 6:00 PM, Wednesday 8:00 AM, Wednesday 9:00 AM, Wednesday 1:00 PM, Wednesday 2:30 PM, Wednesday 3:00 PM, Wednesday 5:00 PM, Wednesday 6:00 PM, Thursday 9:30 AM, Thursday 1:30 PM, Thursday 5:00 PM, Thursday 6:00 PM, Friday 8:30 AM, Friday 6:00 PM",3,2,0.6788064776586472,0.7832795865787153,0.7310430321186813
33,5,Skyler Garcia,skyler.garcia@mail.net,NV,Psychologist,"Wednesday 12:30 PM, Wednesday 3:30 PM, Wednesday 5:30 PM, Thursday 10:30 AM, Thursday 1:30 PM, Thursday 2:30 PM",Hayden Moore,hayden.moore@sample.org,NV,"Psychologist, Counselor, Social Worker","Monday 11:00 AM, Monday 1:30 PM, Monday 3:00 PM, Monday 5:30 PM, Monday 6:00 PM, Wednesday 2:00 PM, Thursday 8:00 AM, Thursday 9:00 AM, Thursday 4:30 PM, Friday 9:30 AM, Friday 2:00 PM, Friday 4:30 PM",5,0,0.4764405634942786,0.9758092639658523,0.7261249137300655
114,20,Drew Ramirez,drew.ramirez@mail.net,NM,Counselor,"Monday 10:00 AM, Monday 1:00 PM, Tuesday 4:30 PM, Wednesday 12:00 PM, Thursday 8:30 AM, Thursday 9:30 AM, Thursday 1:00 PM, Friday 11:30 AM, Friday 5:00 PM",Taylor Gonzalez,taylor.gonzalez@sample.org,NM,Counselor,"Monday 9:30 AM, Monday 12:00 PM, Tuesday 9:30 AM, Tuesday 11:30 AM, Tuesday 12:00 PM, Tuesday 3:00 PM, Tuesday 5:00 PM, Wednesday 8:00 AM, Wednesday 9:00 AM, Wednesday 12:30 PM, Thursday 9:00 AM, Thursday 10:30 AM, Thursday 5:30 PM, Friday 8:00 AM, Friday 9:00 AM, Friday 3:00 PM, Friday 4:30 PM",2,0,0.7317821931346016,0.7151830142899169,0.7234826037122593
118,81,Finley Martinez,finley.martinez@mail.net,WI,Social Worker,"Monday 2:00 PM, Tuesday 3:30 PM, Thursday 10:30 AM, Thursday 12:30 PM, Friday 3:30 PM, Friday 4:00 PM",Reese Kim,reese.kim@sample.org,WI,"Psychologist, Social Worker, Marriage and Family Therapist","Tuesday 9:30 AM, Tuesday 3:30 PM, Wednesday 10:30 AM, Wednesday 11:00 AM, Wednesday 3:00 PM, Wednesday 4:30 PM, Wednesday 5:00 PM, Thursday 8:30 AM, Thursday 1:00 PM, Friday 9:00 AM, Friday 3:00 PM, Friday 3:30 PM, Friday 4:00 PM, Friday 5:30 PM",3,3,0.7427921019527458,0.698239834530223,0.7205159682414843
12,105,Casey Ramirez,casey.ramirez@sample.org,WA,Psychologist,"Monday 10:00 AM, Monday 11:30 AM, Monday 12:30 PM, Thursday 10:00 AM, Thursday 11:00 AM, Thursday 5:30 PM, Friday 6:00 PM",Hayden Wilson,hayden.wilson@example.com,WA,"Psychologist, Social Worker, Marriage and Family Therapist","Monday 9:00 AM, Monday 3:00 PM, Monday 5:30 PM, Tuesday 9:30 AM, Tuesday 5:30 PM, Wednesday 1:00 PM, Wednesday 1:30 PM, Wednesday 3:00 PM, Thursday 1:00 PM, Friday 10:30 AM",5,0,0.46255709876309936,0.9769143036771394,0.7197357012201193
166,42,Cameron Chen,cameron.chen@example.com,RI,Marriage and Family Therapist,"Tuesday 10:00 AM, Tuesday 10:30 AM, Tuesday 11:00 AM, Tuesday 4:00 PM, Tuesday 5:30 PM, Thursday 11:30 AM, Thursday 4:00 PM, Thursday 4:30 PM, Friday 9:30 AM, Friday 10:30 AM, Friday 11:30 AM, Friday 1:00 PM",Emerson Bailey,emerson.bailey@sample.org,RI,"Marriage and Family Therapist, Social Worker","Monday 12:30 PM, Tuesday 12:00 PM, Tuesday 2:00 PM, Tuesday 3:30 PM, Wednesday 4:00 PM, Thursday 2:00 PM, Thursday 4:30 PM, Friday 8:00 AM, Friday 9:30 AM, Friday 10:30 AM, Friday 11:00 AM, Friday 4:00 PM, Friday 4:30 PM",3,3,0.7297491865697813,0.7076336985764297,0.7186914425731055
196,65,Emerson Hernandez,emerson.hernandez@mail.net,SC,Counselor,"Monday 4:30 PM, Monday 5:00 PM, Monday 6:00 PM, Tuesday 8:30 AM, Wednesday 9:30 AM, Wednesday 3:30 PM, Wednesday 5:30 PM, Thursday 9:00 AM, Thursday 12:30 PM, Friday 8:00 AM, Friday 12:30 PM, Friday 1:00 PM",Reese Martinez,reese.martinez@example.com,SC,"Marriage and Family Therapist, Counselor, Psychologist","Monday 2:00 PM, Monday 3:00 PM, Tuesday 11:00 AM, Tuesday 12:00 PM, Wednesday 8:30 AM, Wednesday 1:00 PM, Wednesday 2:30 PM, Wednesday 3:30 PM, Wednesday 4:00 PM, Thursday 8:30 AM, Thursday 11:30 AM, Thursday 3:00 PM, Thursday 6:00 PM, Friday 10:30 AM, Friday 12:00 PM, Friday 3:00 PM, Friday 4:30 PM",2,1,0.7892216019860193,0.6218293289240199,0.7055254654550196
42,3,Hayden Garcia,hayden.garcia@sample.org,"IN, LA",Social Worker,"Monday 2:30 PM, Monday 3:00 PM, Tuesday 9:00 AM, Tuesday 10:00 AM, Tuesday 2:00 PM, Tuesday 6:00 PM, Wednesday 10:00 AM, Wednesday 4:00 PM, Thursday 10:30 AM, Friday 5:00 PM",Taylor Chen,taylor.chen@example.com,IN,"Marriage and Family Therapist, Psychologist, Social Worker","Monday 6:00 PM, Tuesday 11:30 AM, Tuesday 1:00 PM, Tuesday 2:30 PM, Wednesday 11:00 AM, Wednesday 4:30 PM, Thursday 10:30 AM, Thursday 12:00 PM, Thursday 5:00 PM, Friday 9:30 AM, Friday 10:00 AM, Friday 12:30 PM",2,1,0.6992761351082576,0.6915913480005059,0.6954337415543818
197,89,Harper Jenkins,harper.jenkins@example.com,NY,Counselor,"Monday 10:30 AM, Tuesday 10:30 AM, Tuesday 12:00 PM, Tuesday 2:00 PM, Wednesday 10:30 AM, Friday 8:30 AM",Riley Bennett,riley.bennett@sample.org,NY,"Psychologist, Counselor, Marriage and Family Therapist","Monday 1:00 PM, Monday 2:30 PM, Tuesday 9:00 AM, Tuesday 4:00 PM, Tuesday 6:00 PM, Wednesday 2:00 PM, Wednesday 2:30 PM, Thursday 11:00 AM, Thursday 3:00 PM, Friday 8:00 AM, Friday 12:30 PM",5,0,0.40590618603500506,0.980933879273548,0.6934200326542765
144,20,Elliot Brooks,elliot.brooks@example.com,NM,Counselor,"Monday 8:30 AM, Tuesday 4:30 PM, Wednesday 1:30 PM, Thursday 4:30 PM, Friday 8:00 AM, Friday 9:30 AM, Friday 10:00 AM",Taylor Gonzalez,taylor.gonzalez@sample.org,NM,Counselor,"Monday 9:30 AM, Monday 12:00 PM, Tuesday 9:30 AM, Tuesday 11:30 AM, Tuesday 12:00 PM, Tuesday 3:00 PM, Tuesday 5:00 PM, Wednesday 8:00 AM, Wednesday 9:00 AM, Wednesday 12:30 PM, Thursday 9:00 AM, Thursday 10:30 AM, Thursday 5:30 PM, Friday 8:00 AM, Friday 9:00 AM, Friday 3:00 PM, Friday 4:30 PM",2,1,0.6637408640027954,0.7171040104000265,0.6904224372014109
5,68,Rowan Garcia,rowan.garcia@sample.org,TN,Social Worker,"Monday 11:00 AM, Monday 1:30 PM, Tuesday 9:30 AM, Tuesday 2:30 PM, Wednesday 10:30 AM, Wednesday 11:00 AM, Thursday 10:30 AM, Friday 9:00 AM, Friday 12:00 PM",Reese Brooks,reese.brooks@mail.net,TN,"Social Worker, Marriage and Family Therapist, Counselor","Monday 8:00 AM, Monday 5:00 PM, Tuesday 9:00 AM, Tuesday 2:30 PM, Tuesday 5:00 PM, Wednesday 8:30 AM, Wednesday 9:00 AM, Thursday 12:30 PM, Friday 10:30 AM, Friday 2:30 PM",2,1,0.6536830604349712,0.724088615593313,0.688885838014142
103,13,Reese Wilson,reese.wilson@example.com,GA,Marriage and Family Therapist,"Monday 12:30 PM, Monday 1:30 PM, Tuesday 8:00 AM, Tuesday 12:30 PM, Tuesday 5:30 PM, Wednesday 8:00 AM, Wednesday 9:00 AM, Thursday 5:00 PM, Friday 8:30 AM, Friday 11:00 AM, Friday 12:30 PM",Riley Brown,riley.brown@mail.net,GA,Marriage and Family Therapist,"Monday 11:00 AM, Monday 11:30 AM, Monday 1:00 PM, Monday 6:00 PM, Tuesday 5:30 PM, Wednesday 5:30 PM, Thursday 8:30 AM, Thursday 9:00 AM, Thursday 10:00 AM, Thursday 11:00 AM, Thursday 1:30 PM, Friday 1:00 PM, Friday 1:30 PM",2,1,0.6169033384374801,0.7487014393810449,0.6828023889092625
151,68,Finley Bennett,finley.bennett@sample.org,TN,Counselor,"Monday 11:30 AM, Monday 2:30 PM, Monday 4:00 PM, Monday 6:00 PM, Friday 10:30 AM, Friday 12:00 PM",Reese Brooks,reese.brooks@mail.net,TN,"Social Worker, Marriage and Family Therapist, Counselor","Monday 8:00 AM, Monday 5:00 PM, Tuesday 9:00 AM, Tuesday 2:30 PM, Tuesday 5:00 PM, Wednesday 8:30 AM, Wednesday 9:00 AM, Thursday 12:30 PM, Friday 10:30 AM, Friday 2:30 PM",2,1,0.6113816067693001,0.752267924226809,0.6818247654980545
162,65,Cameron Bailey,cameron.bailey@sample.org,SC,Counselor,"Monday 3:30 PM, Tuesday 9:30 AM, Tuesday 11:00 AM, Wednesday 12:00 PM, Wednesday 4:00 PM, Friday 11:30 AM, Friday 4:00 PM",Reese Martinez,reese.martinez@example.com,SC,"Marriage and Family Therapist, Counselor, Psychologist","Monday 2:00 PM, Monday 3:00 PM, Tuesday 11:00 AM, Tuesday 12:00 PM, Wednesday 8:30 AM, Wednesday 1:00 PM, Wednesday 2:30 PM, Wednesday 3:30 PM, Wednesday 4:00 PM, Thursday 8:30 AM, Thursday 11:30 AM, Thursday 3:00 PM, Thursday 6:00 PM, Friday 10:30 AM, Friday 12:00 PM, Friday 3:00 PM, Friday 4:30 PM",2,2,0.7436712825671663,0.6056806154945759,0.6746759490308711
54,13,Elliot Gonzalez,elliot.gonzalez@mail.net,GA,Marriage and Family Therapist,"Monday 12:30 PM, Monday 1:30 PM, Wednesday 11:00 AM, Wednesday 12:30 PM, Wednesday 1:30 PM, Wednesday 3:30 PM, Thursday 9:00 AM, Thursday 5:00 PM, Friday 1:30 PM, Friday 3:00 PM, Friday 4:30 PM",Riley Brown,riley.brown@mail.net,GA,Marriage and Family Therapist,"Monday 11:00 AM, Monday 11:30 AM, Monday 1:00 PM, Monday 6:00 PM, Tuesday 5:30 PM, Wednesday 5:30 PM, Thursday 8:30 AM, Thursday 9:00 AM, Thursday 10:00 AM, Thursday 11:00 AM, Thursday 1:30 PM, Friday 1:00 PM, Friday 1:30 PM",2,2,0.6923991707090966,0.6470380495125801,0.6697186101108383
73,41,Morgan Parker,morgan.parker@example.com,NV,Marriage and Family Therapist,"Monday 12:00 PM, Monday 12:30 PM, Tuesday 2:00 PM, Wednesday 10:00 AM, Wednesday 4:00 PM, Thursday 8:00 AM, Thursday 9:00 AM, Thursday 1:00 PM, Thursday 4:30 PM, Friday 11:30 AM",Sam Bailey,sam.bailey@sample.org,NV,"Social Worker, Marriage and Family Therapist","Monday 1:00 PM, Monday 6:00 PM, Tuesday 8:30 AM, Tuesday 10:30 AM, Tuesday 11:00 AM, Tuesday 12:30 PM, Tuesday 2:00 PM, Thursday 11:30 AM, Thursday 4:30 PM, Friday 8:00 AM, Friday 2:30 PM",2,2,0.5855278248877779,0.7260507156351091,0.6557892702614435
